get,46,1,6,3,4,1,1,2,1,4,1,1,8,13
angri,65,0,3,0,0,0,0,0,0,0,0,0,0,62
frustrat,6,0,1,0,0,2,0,0,0,0,0,0,0,3
desper,2,0,0,0,0,0,0,0,0,0,0,0,0,2
enrag,2,0,0,0,0,0,0,0,0,0,0,0,0,2
depress,4,0,0,1,0,1,0,0,0,0,0,0,0,2
thing,23,0,0,2,1,4,0,6,0,1,2,2,2,3
e,4,0,0,0,0,0,0,0,0,2,1,0,0,1
sicken,1,0,0,0,0,0,0,0,0,0,0,0,0,1
hurt,4,0,0,0,0,0,0,1,0,0,0,0,1,2
later,1,0,0,0,0,0,0,0,0,0,0,0,0,1
know,26,3,4,2,6,0,3,4,1,0,0,0,1,2
feel,30,0,3,2,0,2,0,10,2,3,1,0,4,3
rainfal,1,0,0,0,0,0,0,0,0,0,0,0,0,1
savag,1,0,0,0,0,0,0,0,0,0,0,0,0,1
fall,5,0,0,0,0,0,0,4,0,0,0,0,0,1
club,4,0,2,0,0,0,0,0,0,1,0,0,0,1
n,3,0,0,0,2,0,0,0,0,0,0,0,0,1
home,14,0,1,1,2,0,1,0,0,0,4,1,1,3
hot,4,0,0,0,0,0,0,0,0,1,0,0,2,1
like,62,2,3,6,4,3,2,6,8,2,4,17,3,2
hell,3,0,0,0,0,0,0,0,0,1,0,0,0,2
without,16,0,0,0,0,0,0,5,1,0,1,7,0,2
light,2,0,0,0,0,0,0,0,0,1,0,0,0,1
guy,4,0,0,0,0,0,0,0,0,0,1,0,0,3
screw,2,0,0,0,0,0,0,0,0,0,0,0,0,2
rude,2,0,0,0,0,0,0,0,0,0,0,0,0,2
manner,2,0,0,0,0,0,0,0,0,0,0,0,0,2
silenc,1,0,0,0,0,0,0,0,0,0,0,0,0,1
better,14,0,2,3,0,1,0,1,0,1,1,1,2,2
react,1,0,0,0,0,0,0,0,0,0,0,0,0,1
fuel,1,0,0,0,0,0,0,0,0,0,0,0,0,1
pain,14,0,0,0,0,0,0,0,0,0,0,0,13,1
smile,5,0,0,0,0,0,0,2,0,0,2,0,0,1
make,46,0,2,4,5,2,2,6,6,3,3,3,0,10
cool,8,0,0,0,0,0,0,0,0,0,4,0,3,1
calm,1,0,0,0,0,0,0,0,0,0,0,0,0,1
sad,9,0,1,0,0,0,0,1,1,0,2,0,0,4
edit,2,0,0,0,0,0,0,0,0,0,0,1,0,1
birdi,1,0,0,0,0,0,0,0,0,0,0,0,0,1
yo,2,0,0,0,0,0,0,0,0,0,1,0,0,1
disappoint,2,0,0,0,0,0,1,0,0,0,0,0,0,1
new,30,0,5,2,3,1,2,1,3,3,3,0,2,5
hair,5,0,0,0,0,0,0,0,0,0,1,0,3,1
polici,1,0,0,0,0,0,0,0,0,0,0,0,0,1
cant,12,1,1,0,1,0,2,3,2,0,0,0,1,1
understand,5,0,0,0,0,0,0,0,0,0,0,0,3,2
chin,1,0,0,0,0,0,0,0,0,0,0,0,0,1
issu,4,0,0,0,0,0,0,0,1,0,0,0,1,2
drama,3,0,0,0,0,0,0,0,0,0,0,1,0,2
school,13,0,0,4,3,0,1,0,2,0,0,0,1,2
audit,3,0,0,0,1,0,0,0,0,0,0,0,0,2
tip,3,0,0,0,0,0,0,0,0,0,1,0,0,2
see,27,0,2,3,2,0,3,2,1,1,3,1,2,7
monologu,2,0,0,0,0,0,0,0,0,0,0,0,0,2
deliveri,4,0,0,0,0,0,0,0,0,0,0,2,0,2
young,5,0,1,0,0,0,0,0,1,0,0,1,0,2
actor,2,0,0,0,0,0,0,0,0,1,0,0,0,1
go,34,3,4,3,5,1,1,0,4,1,3,1,4,4
absolut,4,0,0,0,0,1,0,0,1,0,0,0,0,2
brilliant,2,0,0,0,0,0,0,0,0,0,0,0,0,2
unconvent,2,0,0,0,0,0,0,0,0,0,0,0,0,2
unexpect,2,0,0,0,0,0,0,0,0,0,0,0,0,2
raw,2,0,0,0,0,0,0,0,0,0,0,0,0,2
wan,5,0,0,0,1,0,0,2,0,0,0,0,0,2
come,23,2,0,2,0,4,1,0,1,2,5,0,3,3
q,7,0,0,0,0,0,0,0,0,5,0,0,0,2
photo,3,0,0,0,0,0,0,0,0,0,1,0,0,2
live,13,1,0,2,0,2,0,2,0,0,2,0,1,3
tweet,10,0,1,0,2,0,0,0,0,0,4,0,0,3
bang,1,0,0,0,0,0,0,0,0,0,0,0,0,1
cunt,1,0,0,0,0,0,0,0,0,0,0,0,0,1
tonight,8,0,0,3,0,0,1,0,0,1,0,0,2,1
fuck,10,0,1,1,0,0,0,0,3,2,0,0,0,3
tire,4,0,0,1,1,0,0,0,0,0,0,0,1,1
work,20,0,4,4,5,0,1,0,0,1,0,1,1,3
need,19,0,1,0,2,2,1,4,1,2,0,0,1,5
start,11,0,1,0,3,0,0,1,2,1,0,0,1,2
diet,1,0,0,0,0,0,0,0,0,0,0,0,0,1
industri,1,0,0,0,0,0,0,0,0,0,0,0,0,1
bait,1,0,0,0,0,0,0,0,0,0,0,0,0,1
switch,3,0,1,0,0,1,0,0,0,0,0,0,0,1
lose,7,0,0,0,0,0,0,1,0,0,0,0,2,4
weight,2,0,0,0,0,0,0,0,0,0,0,0,1,1
billion,3,0,0,1,0,0,0,0,0,0,0,0,0,2
purpl,1,0,0,0,0,0,0,0,0,0,0,0,0,1
blister,2,0,0,0,0,0,0,0,0,0,0,0,0,2
balderdash,1,0,0,0,0,0,0,0,0,0,0,0,0,1
small,8,0,1,0,0,3,0,1,0,0,1,0,1,1
success,3,0,0,0,0,0,1,0,0,0,1,0,0,1
unholi,1,0,0,0,0,0,0,0,0,0,0,0,0,1
horror,1,0,0,0,0,0,0,0,0,0,0,0,0,1
weird,1,0,0,0,0,0,0,0,0,0,0,0,0,1
creepi,2,0,0,0,0,0,0,0,0,1,0,0,0,1
concept,1,0,0,0,0,0,0,0,0,0,0,0,0,1
art,3,0,0,0,0,0,0,0,0,1,1,0,0,1
cone,1,0,0,0,0,0,0,0,0,0,0,0,0,1
pt,3,0,0,0,0,0,0,0,0,2,0,0,0,1
design,3,0,0,0,1,0,0,0,0,0,0,0,0,2
space,4,0,0,1,0,0,0,0,0,0,0,0,2,1
shooter,1,0,0,0,0,0,0,0,0,0,0,0,0,1
cowboy,1,0,0,0,0,0,0,0,0,0,0,0,0,1
peopl,43,1,3,1,1,3,1,1,7,8,1,10,0,6
mistak,6,0,0,0,0,0,0,0,0,0,0,0,0,6
world,14,1,0,1,0,0,0,7,0,1,0,0,0,4
publish,1,0,0,0,0,0,0,0,0,0,0,0,0,1
turn,5,0,0,0,2,0,0,1,0,1,0,0,0,1
author,1,0,0,0,0,0,0,0,0,0,0,0,0,1
steadili,1,0,0,0,0,0,0,0,0,0,0,0,0,1
declin,1,0,0,0,0,0,0,0,0,0,0,0,0,1
autom,1,0,0,0,0,0,0,0,0,0,0,0,0,1
stori,7,0,0,1,0,0,0,1,1,1,1,0,1,1
let,11,0,1,2,2,0,0,2,0,0,1,0,1,2
other,4,0,0,0,0,0,0,0,0,0,2,0,0,2
punish,2,0,0,1,0,0,0,0,0,0,0,0,0,1
forgiv,2,0,0,0,0,0,0,0,0,1,0,0,0,1
good,25,2,0,4,6,1,2,0,2,1,3,1,2,1
master,1,0,0,0,0,0,0,0,0,0,0,0,0,1
odd,2,0,1,0,0,0,0,0,0,0,0,0,0,1
to,1,0,0,0,0,0,0,0,0,0,0,0,0,1
prize,1,0,0,0,0,0,0,0,0,0,0,0,0,1
yes,5,0,0,1,0,0,0,0,1,1,1,0,0,1
bloodi,2,0,1,0,0,0,0,0,0,0,0,0,0,1
ridicul,4,0,0,1,0,0,0,0,0,1,0,0,0,2
attitud,1,0,0,0,0,0,0,0,0,0,0,0,0,1
amend,1,0,0,0,0,0,0,0,0,0,0,0,0,1
embroideri,1,0,0,0,0,0,0,0,0,0,0,0,0,1
predat,1,0,0,0,0,0,0,0,0,0,0,0,0,1
machin,1,0,0,0,0,0,0,0,0,0,0,0,0,1
blue,2,0,0,0,0,0,0,1,0,0,0,0,0,1
head,7,0,1,1,2,0,0,1,0,0,0,0,0,2
anim,3,0,0,0,0,0,1,0,1,0,0,0,0,1
natur,5,0,0,0,0,0,1,0,0,0,3,0,0,1
wild,1,0,0,0,0,0,0,0,0,0,0,0,0,1
hunt,3,0,0,0,1,0,0,0,1,0,0,0,0,1
say,23,0,1,1,3,1,1,2,2,3,0,1,3,5
either,6,0,0,0,1,1,0,0,2,1,0,0,0,1
ban,7,0,0,0,0,0,0,0,0,5,0,0,0,2
countri,5,0,0,3,0,0,0,0,0,1,0,0,0,1
call,12,0,0,1,0,0,0,1,0,2,0,4,3,1
clean,5,0,0,0,0,0,0,0,0,0,1,1,2,1
upcom,1,0,0,0,0,0,0,0,0,0,0,0,0,1
though,3,0,0,0,1,0,0,0,1,0,0,0,0,1
thousand,6,0,0,0,0,0,0,1,0,1,0,0,1,3
infern,1,0,0,0,0,0,0,0,0,0,0,0,0,1
job,6,0,1,3,0,0,0,0,0,0,0,0,0,2
mayb,5,0,2,0,1,0,0,0,1,0,0,0,0,1
prioriti,1,0,0,0,0,0,0,0,0,0,0,0,0,1
continu,2,0,0,1,0,0,0,0,0,0,0,0,0,1
thank,31,1,2,10,4,1,3,3,1,1,3,0,1,1
everi,8,0,0,1,0,0,1,4,1,0,0,0,0,1
day,40,0,3,5,8,2,1,6,3,1,5,1,4,1
internet,6,0,0,0,2,0,0,0,0,0,0,1,0,3
router,1,0,0,0,0,0,0,0,0,0,0,0,0,1
gave,4,0,2,0,0,0,1,0,0,0,0,0,0,1
us,17,1,0,2,0,3,1,1,0,4,1,0,3,1
crap,1,0,0,0,0,0,0,0,0,0,0,0,0,1
overal,1,0,0,0,0,0,0,0,0,0,0,0,0,1
scan,2,0,0,0,0,0,0,0,0,0,0,0,1,1
done,10,0,0,1,2,0,0,0,0,3,0,0,1,3
son,3,0,0,0,0,0,0,0,0,1,1,0,0,1
coach,1,0,0,0,0,0,0,0,0,0,0,0,0,1
refus,1,0,0,0,0,0,0,0,0,0,0,0,0,1
allow,8,0,0,2,0,0,0,2,1,0,0,0,0,3
back,24,1,2,3,3,1,0,2,2,0,2,0,7,1
train,2,0,0,0,0,0,0,0,0,1,0,0,0,1
deputi,1,0,0,0,0,0,0,0,0,0,0,0,0,1
cower,1,0,0,0,0,0,0,0,0,0,0,0,0,1
outsid,3,0,0,1,0,0,0,0,0,1,0,0,0,1
children,3,0,0,2,0,0,0,0,0,0,0,0,0,1
kill,5,0,0,0,0,0,0,0,1,0,1,0,2,1
anoth,5,0,0,0,0,0,0,2,1,0,0,0,0,2
depart,1,0,0,0,0,0,0,0,0,0,0,0,0,1
proud,3,0,0,0,0,0,0,0,1,0,0,0,1,1
complet,5,0,0,2,1,0,0,0,0,0,0,0,1,1
phenomen,2,0,0,0,0,0,1,0,0,0,0,0,0,1
perform,3,0,1,0,0,0,1,0,0,0,0,0,0,1
awe,2,0,0,0,0,0,1,0,0,0,0,0,0,1
power,8,0,1,1,1,1,1,0,0,2,0,0,0,1
also,12,0,0,3,1,0,0,1,3,0,0,0,3,1
blew,1,0,0,0,0,0,0,0,0,0,0,0,0,1
freak,3,0,1,0,0,0,0,0,0,1,0,0,0,1
charg,3,0,0,0,0,0,0,0,0,1,0,0,0,2
sit,3,0,1,1,0,0,0,0,0,0,0,0,0,1
jail,1,0,0,0,0,0,0,0,0,0,0,0,0,1
long,13,0,2,2,1,0,0,1,1,1,1,1,1,2
time,38,0,2,5,0,3,2,2,6,4,5,0,5,4
rest,3,1,0,0,0,0,0,1,0,0,0,0,0,1
believ,8,0,1,2,0,0,2,0,0,0,2,0,0,1
opinion,2,0,0,0,0,0,0,0,0,1,0,0,0,1
cos,2,0,0,0,0,0,0,0,1,0,0,0,0,1
side,3,0,1,0,0,0,0,1,0,0,0,0,0,1
everyth,14,1,0,2,1,3,0,6,0,0,0,0,0,1
boycott,1,0,0,0,0,0,0,0,0,0,0,0,0,1
ripe,1,0,0,0,0,0,0,0,0,0,0,0,0,1
appl,3,1,0,0,0,0,0,0,0,0,1,0,0,1
want,19,1,0,2,0,0,0,4,4,0,1,0,4,3
em,1,0,0,0,0,0,0,0,0,0,0,0,0,1
green,1,0,0,0,0,0,0,0,0,0,0,0,0,1
landlord,1,0,0,0,0,0,0,0,0,0,0,0,0,1
decid,4,0,0,0,0,0,0,0,1,0,2,0,0,1
cancel,1,0,0,0,0,0,0,0,0,0,0,0,0,1
servic,6,0,2,1,0,0,0,0,0,0,1,0,0,2
tell,16,0,2,1,0,2,0,3,1,0,0,3,3,1
got,16,2,2,1,0,1,2,0,1,0,2,1,3,1
today,38,0,3,8,4,2,0,2,3,3,6,0,5,2
met,5,0,0,1,0,0,0,2,0,0,0,0,1,1
danc,4,0,0,0,0,0,1,0,0,0,0,1,0,2
video,7,0,0,0,0,0,0,0,0,1,3,1,0,2
haunt,2,0,0,0,0,0,0,0,0,0,0,0,0,2
dream,14,0,1,0,0,1,1,4,0,3,1,0,0,3
confus,4,0,1,0,0,0,0,0,0,0,0,0,0,3
chees,3,0,0,0,0,0,0,0,0,0,0,1,0,2
assault,2,0,0,0,0,0,0,0,0,0,0,0,0,2
weapon,1,0,0,0,0,0,0,0,0,0,0,0,0,1
expir,2,0,0,0,0,0,0,0,0,1,0,0,0,1
bump,1,0,0,0,0,0,0,0,0,0,0,0,0,1
stock,1,0,0,0,0,0,0,0,0,0,0,0,0,1
high,7,1,0,2,0,0,0,0,1,0,0,0,2,1
capac,2,0,0,0,1,0,0,0,0,0,0,0,0,1
magazin,1,0,0,0,0,0,0,0,0,0,0,0,0,1
f,5,0,1,0,0,1,0,0,0,0,1,0,0,2
find,17,0,0,3,2,1,1,3,0,2,1,0,3,1
hi,1,0,0,0,0,0,0,0,0,0,0,0,0,1
epic,2,0,0,0,0,0,0,0,0,0,0,0,0,2
fail,1,0,0,0,0,0,0,0,0,0,0,0,0,1
face,8,1,0,0,0,0,1,1,0,2,2,0,0,1
four,1,0,0,0,0,0,0,0,0,0,0,0,0,1
scare,7,0,3,0,0,0,2,0,0,1,0,0,0,1
constip,1,0,0,0,0,0,0,0,0,0,0,0,0,1
rant,1,0,0,0,0,0,0,0,0,0,0,0,0,1
unusu,1,0,0,0,0,0,0,0,0,0,0,0,0,1
pet,1,0,0,0,0,0,0,0,0,0,0,0,0,1
miss,10,0,0,0,0,0,0,4,1,2,0,0,0,3
treat,1,0,0,0,0,0,0,0,0,0,0,0,0,1
run,9,1,1,1,0,0,0,0,0,0,2,0,2,2
reason,6,0,0,0,0,0,0,2,0,0,0,1,1,2
irresolut,1,0,0,0,0,0,0,0,0,0,0,0,0,1
person,10,0,1,0,0,1,0,0,4,0,0,1,1,2
easili,1,0,0,0,0,0,0,0,0,0,0,0,0,1
look,22,0,3,1,0,1,1,4,5,1,1,0,3,2
satisfact,1,0,0,0,0,0,0,0,0,0,0,0,0,1
bibl,3,0,0,0,0,2,0,0,0,0,0,0,0,1
mean,8,0,0,1,0,0,2,0,1,0,2,0,1,1
sin,1,0,0,0,0,0,0,0,0,0,0,0,0,1
short,1,0,0,0,0,0,0,0,0,0,0,0,0,1
help,25,0,3,1,2,2,1,1,1,1,3,0,9,1
transfer,1,0,0,0,0,0,0,0,0,0,0,0,0,1
data,2,0,0,0,0,0,0,0,1,0,0,0,0,1
phone,5,0,0,0,0,0,0,1,0,0,0,1,1,2
replac,1,0,0,0,0,0,0,0,0,0,0,0,0,1
ago,2,0,0,0,0,0,1,0,0,0,0,0,0,1
sound,7,1,0,0,1,0,0,1,3,0,0,0,0,1
engin,1,0,0,0,0,0,0,0,0,0,0,0,0,1
aw,2,0,0,0,0,0,0,0,1,0,0,0,0,1
sing,2,0,0,0,0,0,0,0,1,0,0,0,0,1
bare,1,0,0,0,0,0,0,0,0,0,0,0,0,1
audibl,1,0,0,0,0,0,0,0,0,0,0,0,0,1
thump,1,0,0,0,0,0,0,0,0,0,0,0,0,1
bass,1,0,0,0,0,0,0,0,0,0,0,0,0,1
word,3,0,0,0,0,1,0,0,0,0,0,0,1,1
tongu,1,0,0,0,0,0,0,0,0,0,0,0,0,1
prove,2,0,1,0,0,0,0,0,0,0,0,0,0,1
charact,1,0,0,0,0,0,0,0,0,0,0,0,0,1
consol,1,0,0,0,0,0,0,0,0,0,0,0,0,1
month,6,0,0,2,0,0,0,0,1,0,0,0,2,1
collect,5,0,0,1,0,0,0,0,0,0,1,0,2,1
neighbour,2,1,0,0,0,0,0,0,0,0,0,0,0,1
glass,1,0,0,0,0,0,0,0,0,0,0,0,0,1
recycl,1,0,0,0,0,0,0,0,0,0,0,0,0,1
someon,13,0,3,0,1,0,0,3,3,0,0,2,0,1
line,4,0,0,1,0,0,1,0,0,0,0,0,1,1
hard,3,0,0,1,0,0,0,0,1,0,0,0,0,1
gun,8,0,1,0,0,0,0,0,0,4,0,0,0,3
control,2,0,0,0,0,0,0,0,0,0,0,0,0,2
law,1,0,0,0,0,0,0,0,0,0,0,0,0,1
enforc,1,0,0,0,0,0,0,0,0,0,0,0,0,1
drop,2,0,1,0,0,0,0,0,0,0,0,0,0,1
ball,3,0,2,0,0,0,0,0,0,0,0,0,0,1
one,45,0,3,3,3,1,2,7,6,5,6,6,2,1
reserv,2,0,0,1,0,0,0,0,0,0,0,0,0,1
rep,2,0,0,0,0,0,0,0,0,1,0,0,0,1
someth,6,0,0,0,0,0,1,2,1,0,0,0,0,2
possibl,5,0,1,0,0,0,0,0,1,1,0,0,1,1
cost,1,0,0,0,0,0,0,0,0,0,0,0,0,1
money,4,0,0,1,0,0,0,0,2,0,0,0,0,1
delta,1,0,0,0,0,0,0,0,0,0,0,0,0,1
airlin,1,0,0,0,0,0,0,0,0,0,0,0,0,1
synonym,2,0,0,0,0,0,0,0,0,0,0,0,0,2
irrit,3,0,0,0,0,0,0,0,0,0,0,1,0,2
resent,2,0,0,0,0,0,0,0,0,0,0,0,0,2
mad,5,0,0,1,1,0,0,1,0,0,0,0,0,2
furious,2,0,0,0,0,0,0,0,0,0,0,0,0,2
upset,3,0,0,0,0,0,0,0,0,0,0,0,0,3
annoy,5,0,0,0,0,0,0,1,0,1,0,1,0,2
cross,7,0,5,0,0,0,0,0,0,0,0,0,0,2
learn,7,0,0,1,1,0,0,0,0,1,1,0,0,3
render,2,0,0,0,0,0,0,0,0,0,0,0,0,2
l,4,0,0,0,0,0,0,0,0,1,1,0,0,2
teach,3,0,0,1,0,0,0,0,0,1,0,0,0,1
press,1,0,0,0,0,0,0,0,0,0,0,0,0,1
kept,2,0,1,0,0,0,0,0,0,0,0,0,0,1
ill,3,0,0,0,0,0,0,2,0,0,0,0,0,1
secret,2,0,0,0,0,0,0,1,0,0,0,0,0,1
medic,1,0,0,0,0,0,0,0,0,0,0,0,0,1
histori,3,0,1,0,0,0,0,0,1,0,0,0,0,1
parent,7,0,1,1,0,0,0,0,1,0,1,0,2,1
fucker,1,0,0,0,0,0,0,0,0,0,0,0,0,1
mind,5,0,0,2,0,1,0,1,0,0,0,0,0,1
tough,1,0,0,0,0,0,0,0,0,0,0,0,0,1
realis,2,0,1,0,0,0,0,0,0,0,0,0,0,1
lost,4,0,0,1,0,0,1,0,0,0,0,1,0,1
junior,1,0,0,0,0,0,0,0,0,0,0,0,0,1
sibl,2,0,0,0,0,0,0,0,1,0,0,0,0,1
last,13,0,0,1,0,0,1,2,2,0,2,1,3,1
night,19,0,1,0,3,0,1,3,2,0,7,0,1,1
felt,5,0,0,0,0,1,0,2,0,0,0,0,1,1
wake,6,0,2,1,0,0,0,1,0,0,0,0,1,1
shit,2,0,0,0,0,0,1,0,0,0,0,0,0,1
realiti,4,0,0,0,1,0,0,1,0,0,0,0,1,1
emot,2,0,0,1,0,0,0,0,0,0,0,0,0,1
greater,1,0,0,0,0,0,0,0,0,0,0,0,0,1
heartbreak,1,0,0,0,0,0,0,0,0,0,0,0,0,1
earli,1,0,0,0,0,0,0,0,0,0,0,0,0,1
hour,13,0,1,3,1,0,0,2,0,0,5,0,0,1
drive,6,0,0,0,0,0,0,0,1,1,0,3,0,1
final,11,0,0,0,2,0,0,1,2,0,1,0,4,1
stop,14,4,0,0,0,3,0,1,2,2,0,0,1,1
love,85,0,2,1,3,0,1,31,5,19,18,0,3,2
peac,1,0,0,0,0,0,0,0,0,0,0,0,0,1
harmoni,1,0,0,0,0,0,0,0,0,0,0,0,0,1
hand,8,0,0,0,1,0,0,2,1,2,0,0,1,1
check,11,0,2,0,1,0,0,0,0,2,2,0,3,1
bird,5,0,0,0,1,1,0,0,0,0,0,0,0,3
maker,3,0,0,0,0,0,0,0,0,0,0,0,0,3
crater,3,0,0,0,0,0,0,0,0,0,0,0,0,3
bad,9,0,0,1,1,1,0,0,2,0,0,0,0,4
guidanc,3,0,0,0,0,0,0,0,0,0,0,0,0,3
half,3,0,0,0,0,0,0,0,0,0,0,0,0,3
market,6,0,0,1,1,0,0,0,0,1,0,0,0,3
valu,5,0,0,1,0,0,0,0,0,1,0,0,0,3
via,1,0,0,0,0,0,0,0,0,0,0,0,0,1
enough,5,0,0,0,1,0,0,2,1,0,0,0,0,1
sleep,6,0,0,0,1,0,0,2,0,1,0,0,1,1
hungri,1,0,0,0,0,0,0,0,0,0,0,0,0,1
two,5,1,1,0,0,0,0,0,0,1,0,1,0,1
main,1,0,0,0,0,0,0,0,0,0,0,0,0,1
certain,4,0,0,0,0,0,0,1,0,0,0,0,2,1
afford,1,0,0,0,0,0,0,0,0,0,0,0,0,1
sue,1,0,0,0,0,0,0,0,0,0,0,0,0,1
way,24,1,0,4,3,2,1,3,2,1,3,0,3,1
technolog,1,0,0,0,0,0,0,0,0,0,0,0,0,1
secur,4,0,0,1,0,0,0,0,0,1,0,0,1,1
news,11,0,0,5,0,0,0,0,0,4,0,1,0,1
repeat,4,0,0,0,0,0,0,0,0,0,0,1,2,1
humili,1,0,0,0,0,0,0,0,0,0,0,0,0,1
town,2,1,0,0,0,0,0,0,0,0,0,0,0,1
hall,2,0,0,1,0,0,0,0,0,0,0,0,0,1
senat,1,0,0,0,0,0,0,0,0,0,0,0,0,1
confront,2,0,0,0,0,0,0,0,0,1,0,0,0,1
child,7,0,0,0,0,2,0,0,0,1,1,0,2,1
talk,9,0,0,3,0,0,0,0,2,0,0,3,0,1
chang,11,0,0,1,0,5,0,0,1,0,2,0,1,1
kid,12,1,3,1,0,0,0,0,1,2,2,0,1,1
cope,2,0,1,0,0,0,0,0,0,0,0,0,0,1
happi,85,0,0,1,1,1,1,1,3,1,72,0,3,1
listen,13,0,0,0,0,1,1,2,0,2,0,4,1,2
heart,17,0,0,0,1,1,1,9,1,2,1,0,0,1
ear,5,0,0,0,0,0,0,1,0,0,2,1,0,1
paid,3,0,0,1,0,1,0,0,0,0,0,0,0,1
ask,6,0,1,1,1,0,1,0,0,0,0,0,1,1
much,27,0,3,4,2,0,2,2,6,2,2,3,0,1
first,11,0,0,1,1,0,2,0,1,1,0,0,4,1
problem,3,0,0,0,0,1,0,0,1,0,0,0,0,1
stiff,1,0,0,0,0,0,0,0,0,0,0,0,0,1
piss,2,0,0,0,0,0,0,0,0,1,0,0,0,1
ho,2,0,0,0,0,0,0,0,0,1,0,0,0,1
struggl,3,0,1,0,0,0,0,1,0,0,0,0,0,1
speak,4,0,1,0,0,0,0,0,1,0,0,1,0,1
among,1,0,0,0,0,0,0,0,0,0,0,0,0,1
motiv,10,0,1,1,0,1,0,0,0,2,4,0,0,1
v,3,0,0,0,0,1,0,0,0,1,0,0,0,1
provid,6,0,2,0,0,0,0,0,0,0,0,0,3,1
expens,3,0,0,1,0,0,0,0,1,0,0,0,0,1
bundl,1,0,0,0,0,0,0,0,0,0,0,0,0,1
cabl,1,0,0,0,0,0,0,0,0,0,0,0,0,1
custom,2,0,0,0,0,0,0,0,0,0,1,0,0,1
figur,2,0,0,0,0,0,0,0,0,0,0,0,1,1
crossroad,1,0,0,0,0,0,0,0,0,0,0,0,0,1
profit,2,0,0,0,0,0,0,0,0,0,0,0,0,2
g,6,0,1,0,2,0,0,0,0,0,2,0,0,1
hello,5,0,1,0,2,0,0,0,0,0,1,0,0,1
lot,6,0,1,0,0,0,0,0,2,0,0,0,2,1
attent,1,0,0,0,0,0,0,0,0,0,0,0,0,1
r,6,0,2,0,0,1,0,0,1,0,1,0,0,1
certifi,1,0,0,0,0,0,0,0,0,0,0,0,0,1
pirat,1,0,0,0,0,0,0,0,0,0,0,0,0,1
sexual,1,0,0,0,0,0,0,0,0,0,0,0,0,1
abus,1,0,0,0,0,0,0,0,0,0,0,0,0,1
violenc,8,0,0,0,0,0,0,0,0,7,0,0,0,1
queer,1,0,0,0,0,0,0,0,0,0,0,0,0,1
men,6,0,0,1,0,0,1,0,1,1,0,0,1,1
real,4,0,0,0,0,0,0,0,0,1,1,0,1,1
frame,2,0,0,0,0,0,0,0,0,2,0,0,0,0
hate,68,0,0,0,0,0,0,0,0,68,0,0,0,0
desir,3,0,0,0,0,1,0,0,0,2,0,0,0,0
pub,2,0,0,0,0,0,0,0,0,2,0,0,0,0
kindl,3,0,0,0,0,0,0,1,0,2,0,0,0,0
politician,1,0,0,0,0,0,0,0,0,1,0,0,0,0
reflect,1,0,0,0,0,0,0,0,0,1,0,0,0,0
visit,7,0,0,0,1,0,0,0,1,1,4,0,0,0
refuge,2,0,0,0,0,0,0,0,0,1,0,0,1,0
strength,2,0,0,0,0,1,0,0,0,1,0,0,0,0
top,6,0,1,2,0,0,0,0,0,2,0,0,1,0
song,4,0,0,0,1,0,0,0,0,1,1,1,0,0
war,2,0,0,1,0,0,0,0,0,1,0,0,0,0
metal,1,0,0,0,0,0,0,0,0,1,0,0,0,0
nope,1,0,0,0,0,0,0,0,0,1,0,0,0,0
low,4,0,1,1,0,0,0,0,0,1,0,0,1,0
anti,3,0,0,0,0,0,0,0,0,2,0,0,1,0
white,2,0,0,0,0,0,0,0,1,1,0,0,0,0
racist,2,0,0,0,0,0,0,0,0,2,0,0,0,0
beg,1,0,0,0,0,0,0,0,0,1,0,0,0,0
dog,4,0,2,0,0,0,0,0,0,1,1,0,0,0
sick,3,0,0,0,0,0,0,0,1,2,0,0,0,0
tattoo,4,0,0,0,0,0,0,0,0,3,0,1,0,0
life,29,1,2,4,0,0,1,4,0,4,7,2,4,0
chase,3,0,0,0,0,0,0,0,0,3,0,0,0,0
crime,4,0,0,1,0,0,0,0,0,2,0,0,1,0
team,6,0,1,1,0,0,0,0,1,1,1,0,1,0
incid,1,0,0,0,0,0,0,0,0,1,0,0,0,0
spider,3,0,0,0,0,0,0,0,0,2,1,0,0,0
disgust,3,0,0,0,0,0,0,0,0,3,0,0,0,0
nightmar,2,0,0,0,0,0,0,0,0,2,0,0,0,0
thought,10,0,0,1,2,2,2,1,0,1,0,0,1,0
phobia,1,0,0,0,0,0,0,0,0,1,0,0,0,0
die,3,0,1,1,0,0,0,0,0,1,0,0,0,0
peter,1,0,0,0,0,0,0,0,0,1,0,0,0,0
disturb,2,0,0,0,0,0,0,0,0,1,0,0,1,0
leg,1,0,0,0,0,0,0,0,0,1,0,0,0,0
cologn,1,0,0,0,0,0,0,0,0,1,0,0,0,0
worst,1,0,0,0,0,0,0,0,0,1,0,0,0,0
ever,11,0,0,2,0,0,1,0,0,3,2,0,3,0
across,1,0,0,0,0,0,0,0,0,1,0,0,0,0
reject,1,0,0,0,0,0,0,0,0,1,0,0,0,0
friend,17,0,1,0,2,1,0,0,5,3,4,1,0,0
well,14,0,0,4,3,0,1,1,1,2,1,0,1,0
truli,2,0,0,0,0,0,0,0,1,1,0,0,0,0
care,9,1,1,1,3,1,1,0,0,1,0,0,0,0
behind,2,0,0,0,0,0,1,0,0,1,0,0,0,0
heard,2,0,1,0,0,0,0,0,0,1,0,0,0,0
weather,7,0,1,0,0,0,0,0,1,3,0,0,2,0
rain,4,0,1,0,1,1,0,0,0,1,0,0,0,0
snow,4,0,1,0,0,0,0,0,0,2,1,0,0,0
yeah,2,1,0,0,0,0,0,0,0,1,0,0,0,0
left,6,1,2,0,0,0,1,1,0,1,0,0,0,0
afraid,2,0,1,0,0,0,0,0,0,1,0,0,0,0
truth,3,0,0,0,0,0,0,0,0,3,0,0,0,0
state,10,0,0,5,0,0,1,0,0,4,0,0,0,0
bill,4,0,0,0,0,0,0,0,1,3,0,0,0,0
legal,3,0,0,0,0,0,0,0,0,3,0,0,0,0
gay,6,2,0,0,0,0,0,0,0,4,0,0,0,0
lesbian,3,0,0,0,0,0,0,0,0,3,0,0,0,0
adopt,6,0,0,1,0,0,0,0,0,3,2,0,0,0
pass,4,0,0,1,0,0,0,0,0,3,0,0,0,0
assassin,4,0,0,0,0,0,0,0,0,4,0,0,0,0
illus,4,0,0,0,0,0,0,0,0,4,0,0,0,0
essay,4,0,0,0,0,0,0,0,0,4,0,0,0,0
puls,4,0,0,0,0,0,0,0,0,4,0,0,0,0
nightclub,4,0,0,0,0,0,0,0,0,4,0,0,0,0
tragedi,5,0,0,0,0,0,0,0,0,4,0,0,1,0
accept,7,0,3,0,0,0,0,0,0,4,0,0,0,0
recoveri,6,0,0,0,0,0,0,0,0,5,0,0,1,0
stress,8,0,1,0,0,2,0,0,0,1,1,0,3,0
traffic,4,0,1,0,0,0,0,0,0,1,0,1,1,0
creat,5,0,0,0,0,1,0,0,0,1,1,0,2,0
crook,1,0,0,0,0,0,0,0,0,1,0,0,0,0
network,2,0,0,0,0,0,0,0,0,1,1,0,0,0
rate,2,0,0,1,0,0,0,0,0,1,0,0,0,0
mass,2,0,0,0,0,0,0,0,0,1,0,0,1,0
shoot,3,1,0,0,0,0,0,0,0,1,1,0,0,0
blame,2,0,0,1,0,0,0,0,0,1,0,0,0,0
game,9,0,0,0,0,0,0,0,5,1,0,2,1,0
singl,11,0,0,1,0,0,0,2,1,1,6,0,0,0
project,4,0,0,0,1,0,0,0,0,1,0,1,1,0
place,4,1,0,1,0,0,0,0,0,1,0,0,1,0
full,2,0,0,1,0,0,0,0,0,1,0,0,0,0
link,7,0,0,0,1,2,0,0,0,1,0,0,3,0
comment,4,0,1,1,0,0,0,0,0,1,1,0,0,0
princess,1,0,0,0,0,0,0,0,0,1,0,0,0,0
begon,1,0,0,0,0,0,0,0,0,1,0,0,0,0
kick,2,0,0,0,0,1,0,0,0,1,0,0,0,0
block,2,0,0,0,0,0,0,0,0,2,0,0,0,0
expos,1,0,0,0,0,0,0,0,0,1,0,0,0,0
fake,4,0,0,2,0,0,0,0,0,2,0,0,0,0
fact,4,0,0,1,0,0,0,0,1,2,0,0,0,0
toler,1,0,0,0,0,0,0,0,0,1,0,0,0,0
hypocrisi,1,0,0,0,0,0,0,0,0,1,0,0,0,0
patienc,1,0,0,0,0,0,0,0,0,1,0,0,0,0
stigma,1,0,0,0,0,0,0,0,0,1,0,0,0,0
shame,2,0,0,0,1,0,0,0,0,1,0,0,0,0
rule,1,0,0,0,0,0,0,0,0,1,0,0,0,0
anybodi,1,0,0,0,0,0,0,0,0,1,0,0,0,0
realli,18,2,1,4,0,0,3,0,1,2,2,0,3,0
busi,3,0,0,1,0,0,1,0,0,1,0,0,0,0
stretch,1,0,0,0,0,0,0,0,0,1,0,0,0,0
mark,1,0,0,0,0,0,0,0,0,1,0,0,0,0
follow,10,0,0,0,1,0,3,0,0,2,1,1,2,0
babi,7,0,0,1,0,0,0,0,1,1,1,0,3,0
entir,5,0,0,1,0,0,0,2,1,1,0,0,0,0
bodi,2,0,0,0,0,0,0,0,0,1,0,0,1,0
drench,1,0,0,0,0,0,0,0,0,1,0,0,0,0
blood,1,0,0,0,0,0,0,0,0,1,0,0,0,0
ten,3,0,0,0,1,0,0,0,0,1,0,0,1,0
group,3,0,0,0,0,0,0,0,0,2,0,1,0,0
stand,2,0,0,1,0,0,0,0,0,1,0,0,0,0
cold,3,0,0,0,0,0,0,0,0,3,0,0,0,0
draw,1,0,0,0,0,0,0,0,0,1,0,0,0,0
de,5,0,0,0,1,0,0,0,0,1,3,0,0,0
express,2,0,0,0,0,0,0,0,0,2,0,0,0,0
anger,2,0,0,0,0,1,0,0,0,1,0,0,0,0
furi,1,0,0,0,0,0,0,0,0,1,0,0,0,0
crise,1,0,0,0,0,0,0,0,0,1,0,0,0,0
ridden,1,0,0,0,0,0,0,0,0,1,0,0,0,0
planet,1,0,0,0,0,0,0,0,0,1,0,0,0,0
probabl,2,0,0,0,0,0,0,0,0,1,0,0,1,0
brain,4,0,0,3,0,0,0,0,0,1,0,0,0,0
health,5,0,1,1,0,0,0,0,0,2,1,0,0,0
major,2,0,0,0,0,0,0,0,0,1,0,0,1,0
circuit,1,0,0,0,0,0,0,0,0,1,0,0,0,0
deep,1,0,0,0,0,0,0,0,0,1,0,0,0,0
wire,1,0,0,0,0,0,0,0,0,1,0,0,0,0
addict,2,0,0,0,0,0,0,0,1,1,0,0,0,0
fear,4,0,0,0,0,3,0,0,0,1,0,0,0,0
label,1,0,0,0,0,0,0,0,0,1,0,0,0,0
blind,1,0,0,0,0,0,0,0,0,1,0,0,0,0
invers,1,0,0,0,0,0,0,0,0,1,0,0,0,0
focus,3,0,1,0,0,0,0,0,0,1,1,0,0,0
put,6,0,0,1,0,0,0,0,0,1,2,2,0,0
use,15,0,0,0,0,0,0,3,1,4,0,3,4,0
h,3,0,1,0,0,0,0,0,0,1,1,0,0,0
letter,1,0,0,0,0,0,0,0,0,1,0,0,0,0
weigh,1,0,0,0,0,0,0,0,0,1,0,0,0,0
differ,3,0,0,0,0,0,0,0,0,3,0,0,0,0
heavi,1,0,0,0,0,0,0,0,0,1,0,0,0,0
lo,1,0,0,0,0,0,0,0,0,1,0,0,0,0
give,14,0,0,2,2,4,0,0,0,2,0,0,4,0
sun,2,0,0,0,0,0,0,1,0,1,0,0,0,0
summer,5,1,0,0,0,0,1,0,0,1,0,1,1,0
hurri,2,0,0,0,0,1,0,0,0,1,0,0,0,0
giant,1,0,0,0,0,0,0,0,0,1,0,0,0,0
scam,1,0,0,0,0,0,0,0,0,1,0,0,0,0
renew,1,0,0,0,0,0,0,0,0,1,0,0,0,0
congratul,1,0,0,0,0,0,0,0,0,1,0,0,0,0
gain,2,0,0,0,0,0,0,0,0,1,0,0,1,0
household,1,0,0,0,0,0,0,0,0,1,0,0,0,0
evil,1,0,0,0,0,0,0,0,0,1,0,0,0,0
greed,1,0,0,0,0,0,0,0,0,1,0,0,0,0
idiot,2,0,0,0,0,0,0,0,0,2,0,0,0,0
cherri,1,0,0,0,0,0,0,0,0,1,0,0,0,0
fair,2,0,0,1,0,0,0,0,0,1,0,0,0,0
would,16,0,1,2,0,0,2,5,2,2,0,0,2,0
god,9,0,0,0,1,2,1,1,0,2,0,0,2,0
becom,5,0,0,3,0,0,0,0,1,1,0,0,0,0
tranni,1,0,0,0,0,0,0,0,0,1,0,0,0,0
even,8,0,0,1,0,0,0,2,2,1,0,0,2,0
mother,2,0,0,0,0,0,0,0,0,1,0,1,0,0
slain,1,0,0,0,0,0,0,0,0,1,0,0,0,0
teacher,5,0,0,2,0,0,0,0,0,1,0,2,0,0
unalien,1,0,0,0,0,0,0,0,0,1,0,0,0,0
right,10,2,3,3,0,0,0,0,0,1,0,0,1,0
less,7,0,1,1,1,0,0,1,0,1,1,0,1,0
import,3,0,0,2,0,0,0,0,0,1,0,0,0,0
case,2,1,0,0,0,0,0,0,0,1,0,0,0,0
open,5,0,0,2,0,0,0,1,0,1,0,0,1,0
promot,4,0,0,0,0,0,0,0,0,4,0,0,0,0
lob,1,0,0,0,0,0,0,0,0,1,0,0,0,0
b,5,1,0,0,0,0,0,0,0,1,3,0,0,0
lemon,1,0,0,0,0,0,0,0,0,1,0,0,0,0
set,7,0,0,1,1,0,4,0,0,1,0,0,0,0
free,9,0,1,1,0,2,0,0,0,1,2,0,2,0
big,12,1,1,3,1,2,0,0,0,1,2,0,1,0
ad,3,0,0,1,0,0,0,0,0,1,1,0,0,0
dark,2,0,0,0,0,0,0,1,0,1,0,0,0,0
watch,15,0,1,0,4,0,0,1,4,1,2,2,0,0
shark,1,0,0,0,0,0,0,0,0,1,0,0,0,0
player,3,0,0,0,0,1,0,0,1,1,0,0,0,0
play,18,0,1,1,2,0,1,0,6,1,1,5,0,0
dump,2,0,0,0,0,1,0,0,0,1,0,0,0,0
citi,4,0,1,0,0,0,0,0,0,3,0,0,0,0
flash,2,0,0,0,1,0,0,0,0,1,0,0,0,0
zombi,1,0,0,0,0,0,0,0,0,1,0,0,0,0
keep,10,0,1,4,0,0,0,1,0,1,1,0,2,0
eat,6,0,0,0,0,1,0,0,1,1,0,2,1,0
famili,12,1,0,1,0,0,2,0,1,1,3,0,3,0
tune,1,0,0,0,0,0,0,0,0,1,0,0,0,0
mental,3,0,1,1,0,0,0,0,0,1,0,0,0,0
best,18,0,0,2,4,1,1,1,0,1,2,1,5,0
receiv,5,0,0,1,0,0,2,0,0,2,0,0,0,0
refresh,1,0,0,0,0,0,0,0,0,1,0,0,0,0
modern,1,0,0,0,0,0,0,0,0,1,0,0,0,0
slaveri,1,0,0,0,0,0,0,0,0,1,0,0,0,0
excel,1,0,0,0,0,0,0,0,0,1,0,0,0,0
session,1,0,0,0,0,0,0,0,0,1,0,0,0,0
load,1,0,0,0,0,0,0,0,0,1,0,0,0,0
due,2,0,0,0,0,0,0,0,0,1,0,0,1,0
next,5,0,1,1,0,0,0,0,2,1,0,0,0,0
week,10,0,0,0,1,0,1,1,0,1,3,0,3,0
winter,2,1,0,0,0,0,0,0,0,1,0,0,0,0
self,8,0,0,1,0,0,0,0,0,1,6,0,0,0
tape,1,0,0,0,0,0,0,0,0,1,0,0,0,0
loo,2,0,0,0,0,0,0,0,0,1,0,0,1,0
wait,10,0,1,0,0,0,0,1,1,1,0,6,0,0
pregnanc,1,0,0,0,0,0,0,0,0,1,0,0,0,0
test,2,0,0,0,1,0,0,0,0,1,0,0,0,0
result,1,0,0,0,0,0,0,0,0,1,0,0,0,0
greatest,1,0,0,0,0,0,0,0,0,1,0,0,0,0
command,3,0,1,0,0,0,0,0,0,2,0,0,0,0
read,8,0,0,0,2,1,1,1,1,1,0,1,0,0
post,5,0,0,0,1,0,0,0,0,1,3,0,0,0
religion,1,0,0,0,0,0,0,0,0,1,0,0,0,0
church,1,0,0,0,0,0,0,0,0,1,0,0,0,0
aka,1,0,0,0,0,0,0,0,0,1,0,0,0,0
traitor,1,0,0,0,0,0,0,0,0,1,0,0,0,0
liber,2,0,0,0,0,0,0,0,0,1,1,0,0,0
loser,1,0,0,0,0,0,0,0,0,1,0,0,0,0
fa,1,0,0,0,0,0,0,0,0,1,0,0,0,0
suck,2,0,0,1,0,0,0,0,0,1,0,0,0,0
vote,6,0,0,3,0,0,0,0,0,2,0,0,1,0
rid,2,0,0,0,0,0,0,0,0,2,0,0,0,0
guidelin,1,0,0,0,0,0,0,0,0,1,0,0,0,0
counter,1,0,0,0,0,0,0,0,0,1,0,0,0,0
speech,6,0,1,1,0,0,0,0,0,3,0,1,0,0
hater,1,0,0,0,0,0,0,0,0,1,0,0,0,0
mow,1,0,0,0,0,0,0,0,0,1,0,0,0,0
journal,1,0,0,0,0,0,0,0,0,1,0,0,0,0
media,4,0,0,0,0,0,0,0,1,2,1,0,0,0
man,11,0,0,0,0,0,1,1,0,2,7,0,0,0
repres,1,0,0,0,0,0,0,0,0,1,0,0,0,0
trump,8,0,0,0,0,0,0,0,0,7,0,1,0,0
human,4,0,0,1,0,0,0,0,0,1,0,1,1,0
relationship,2,0,0,0,0,0,0,0,1,1,0,0,0,0
con,1,0,0,0,0,0,0,0,0,1,0,0,0,0
anyon,8,0,1,0,1,0,1,0,2,3,0,0,0,0
els,6,0,0,0,0,0,0,2,1,3,0,0,0,0
notic,3,0,0,0,0,0,0,0,0,3,0,0,0,0
c,8,0,1,0,0,1,0,0,0,6,0,0,0,0
music,8,2,0,0,0,0,1,0,0,3,1,1,0,0
discrimin,3,0,0,0,0,0,0,0,0,3,0,0,0,0
arm,3,0,0,0,0,0,0,0,0,3,0,0,0,0
tea,4,0,0,0,0,0,0,0,0,3,0,1,0,0
appear,3,0,0,0,0,0,0,1,0,1,0,0,1,0
logic,1,0,0,0,0,0,0,0,0,1,0,0,0,0
relat,2,0,0,0,1,0,0,0,0,1,0,0,0,0
intellig,1,0,0,0,0,0,0,0,0,1,0,0,0,0
fun,76,0,0,0,1,0,0,0,66,1,8,0,0,0
femin,1,0,0,0,0,0,0,0,0,1,0,0,0,0
never,18,0,0,2,1,2,1,6,1,3,0,0,2,0
meant,1,0,0,0,0,0,0,0,0,1,0,0,0,0
masculin,1,0,0,0,0,0,0,0,0,1,0,0,0,0
male,1,0,0,0,0,0,0,0,0,1,0,0,0,0
circus,1,0,0,0,0,0,0,0,0,1,0,0,0,0
divid,1,0,0,0,0,0,0,0,0,1,0,0,0,0
spew,3,0,0,0,0,0,0,0,0,3,0,0,0,0
special,3,0,0,0,0,0,2,0,0,1,0,0,0,0
wow,8,0,0,3,0,0,4,0,0,1,0,0,0,0
amount,2,0,0,0,0,0,0,1,0,1,0,0,0,0
twitter,5,0,1,0,2,0,0,0,0,2,0,0,0,0
advertis,2,0,0,0,0,0,0,0,0,1,0,1,0,0
simpli,2,0,0,1,0,0,0,0,0,1,0,0,0,0
incred,1,0,0,0,0,0,0,0,0,1,0,0,0,0
morn,20,0,0,1,9,0,2,3,0,1,3,0,1,0
biggest,1,0,0,0,0,0,0,0,0,1,0,0,0,0
lesson,1,0,0,0,0,0,0,0,0,1,0,0,0,0
soul,6,0,0,0,0,0,0,3,0,1,2,0,0,0
snake,2,0,0,0,0,0,0,0,0,2,0,0,0,0
breed,1,0,0,0,0,0,0,0,0,1,0,0,0,0
bias,1,0,0,0,0,0,0,0,0,1,0,0,0,0
support,5,0,1,1,0,0,0,0,0,1,1,0,1,0
stay,4,0,0,0,0,0,0,0,0,1,3,0,0,0
strong,4,0,0,1,0,0,0,0,1,1,0,0,1,0
resist,1,0,0,0,0,0,0,0,0,1,0,0,0,0
creep,1,0,0,0,0,0,0,0,0,1,0,0,0,0
ant,1,0,0,0,0,0,0,0,0,1,0,0,0,0
share,3,0,0,0,0,1,1,0,0,1,0,0,0,0
insight,1,0,0,0,0,0,0,0,0,1,0,0,0,0
rare,1,0,0,0,0,0,0,0,0,1,0,0,0,0
constant,4,0,0,0,0,3,0,0,0,1,0,0,0,0
feed,1,0,0,0,0,0,0,0,0,1,0,0,0,0
discuss,4,0,0,1,0,0,2,0,0,1,0,0,0,0
freedom,1,0,0,0,0,0,0,0,0,1,0,0,0,0
degre,1,0,0,0,0,0,0,0,0,1,0,0,0,0
civil,1,0,0,0,0,0,0,0,0,1,0,0,0,0
respect,3,0,0,1,1,0,0,0,0,1,0,0,0,0
debat,2,0,0,0,0,0,0,0,0,1,0,1,0,0
lawsuit,2,0,0,0,0,0,0,0,0,2,0,0,0,0
pride,2,0,0,0,0,0,0,0,0,2,0,0,0,0
march,3,0,1,0,0,0,0,0,0,2,0,0,0,0
unregul,1,0,0,0,0,0,0,0,0,1,0,0,0,0
sale,1,0,0,0,0,0,0,0,0,1,0,0,0,0
faith,1,0,0,0,0,0,0,0,0,1,0,0,0,0
terrorist,2,0,0,1,0,0,0,0,0,1,0,0,0,0
terror,1,0,0,0,0,0,0,0,0,1,0,0,0,0
exam,1,0,0,0,0,0,0,0,0,1,0,0,0,0
marriag,2,0,0,0,0,0,0,0,0,1,1,0,0,0
season,4,0,1,0,0,0,0,0,2,1,0,0,0,0
loud,1,0,0,0,0,0,0,0,0,1,0,0,0,0
hous,6,0,2,2,1,0,0,0,0,0,1,0,0,0
wander,2,0,1,0,0,0,0,0,0,0,0,0,1,0
blvd,1,0,1,0,0,0,0,0,0,0,0,0,0,0
worri,110,0,58,0,0,50,0,0,0,0,0,0,2,0
think,21,0,3,4,2,0,1,3,2,0,2,1,3,0
accent,1,0,1,0,0,0,0,0,0,0,0,0,0,0
languag,2,0,1,0,0,0,0,0,1,0,0,0,0,0
pleas,9,2,3,1,0,2,0,0,1,0,0,0,0,0
wonder,7,0,2,2,0,0,0,1,0,0,1,0,1,0
trainer,1,0,1,0,0,0,0,0,0,0,0,0,0,0
scratch,1,0,1,0,0,0,0,0,0,0,0,0,0,0
entri,1,0,1,0,0,0,0,0,0,0,0,0,0,0
row,3,0,2,0,0,0,0,0,1,0,0,0,0,0
still,11,0,2,2,1,0,0,1,1,0,1,0,3,0
pend,1,0,1,0,0,0,0,0,0,0,0,0,0,0
recur,1,0,1,0,0,0,0,0,0,0,0,0,0,0
theme,1,0,1,0,0,0,0,0,0,0,0,0,0,0
silli,2,0,1,0,0,0,0,0,0,0,1,0,0,0
error,1,0,1,0,0,0,0,0,0,0,0,0,0,0
penalti,1,0,1,0,0,0,0,0,0,0,0,0,0,0
detail,1,0,1,0,0,0,0,0,0,0,0,0,0,0
aliv,2,0,1,0,0,0,0,0,0,0,0,0,1,0
actual,8,0,2,0,0,0,5,0,0,0,0,0,1,0
ate,1,0,1,0,0,0,0,0,0,0,0,0,0,0
rip,2,0,1,0,0,0,0,0,1,0,0,0,0,0
captain,1,0,1,0,0,0,0,0,0,0,0,0,0,0
jack,1,0,1,0,0,0,0,0,0,0,0,0,0,0
respond,3,0,1,0,0,0,0,0,0,0,2,0,0,0
quit,4,0,1,1,0,1,0,1,0,0,0,0,0,0
bit,4,0,2,0,0,0,0,0,1,0,1,0,0,0
late,10,0,1,0,1,0,1,0,1,0,2,3,1,0
littl,6,0,2,0,1,1,2,0,0,0,0,0,0,0
chicken,2,0,1,1,0,0,0,0,0,0,0,0,0,0
helper,1,0,1,0,0,0,0,0,0,0,0,0,0,0
tuna,1,0,1,0,0,0,0,0,0,0,0,0,0,0
attend,3,0,1,0,1,0,0,0,0,0,1,0,0,0
tens,1,0,1,0,0,0,0,0,0,0,0,0,0,0
gone,4,0,1,1,1,0,0,0,0,0,0,0,1,0
receipt,1,0,1,0,0,0,0,0,0,0,0,0,0,0
delet,1,0,1,0,0,0,0,0,0,0,0,0,0,0
minut,9,0,3,1,1,0,0,3,0,0,0,1,0,0
oratori,1,0,1,0,0,0,0,0,0,0,0,0,0,0
distract,1,0,1,0,0,0,0,0,0,0,0,0,0,0
destini,1,0,1,0,0,0,0,0,0,0,0,0,0,0
goal,4,0,1,0,0,0,0,0,0,0,1,1,1,0
lord,1,0,1,0,0,0,0,0,0,0,0,0,0,0
sister,1,0,1,0,0,0,0,0,0,0,0,0,0,0
serv,2,0,1,1,0,0,0,0,0,0,0,0,0,0
said,5,0,1,2,0,0,0,0,1,0,0,0,1,0
alway,28,0,1,1,2,2,1,11,2,0,0,5,3,0
sceptic,1,0,1,0,0,0,0,0,0,0,0,0,0,0
worrier,1,0,1,0,0,0,0,0,0,0,0,0,0,0
higher,1,0,1,0,0,0,0,0,0,0,0,0,0,0
studi,3,0,1,2,0,0,0,0,0,0,0,0,0,0
select,1,0,1,0,0,0,0,0,0,0,0,0,0,0
expert,1,0,1,0,0,0,0,0,0,0,0,0,0,0
advic,1,0,1,0,0,0,0,0,0,0,0,0,0,0
choos,5,0,1,0,0,2,0,1,0,0,1,0,0,0
option,1,0,1,0,0,0,0,0,0,0,0,0,0,0
smart,1,0,1,0,0,0,0,0,0,0,0,0,0,0
student,7,0,1,5,0,0,1,0,0,0,0,0,0,0
tomorrow,9,1,4,0,0,1,0,2,0,0,0,0,1,0
yesterday,6,0,2,0,1,0,0,3,0,0,0,0,0,0
sometim,7,0,2,0,0,0,0,2,1,0,2,0,0,0
pay,5,0,1,2,0,0,0,0,1,0,1,0,0,0
toward,1,0,1,0,0,0,0,0,0,0,0,0,0,0
arsenal,1,0,1,0,0,0,0,0,0,0,0,0,0,0
leagu,3,0,1,0,0,0,0,0,2,0,0,0,0,0
dear,3,0,1,0,0,0,0,0,0,0,1,0,1,0
wish,5,0,2,0,1,0,0,0,0,0,1,0,1,0
feedback,1,0,1,0,0,0,0,0,0,0,0,0,0,0
could,5,0,1,1,1,0,0,2,0,0,0,0,0,0
anonym,1,0,1,0,0,0,0,0,0,0,0,0,0,0
driver,2,0,1,0,0,0,0,0,0,0,0,0,1,0
question,2,0,1,0,0,0,0,0,0,0,0,0,1,0
sure,3,0,1,0,0,0,1,0,1,0,0,0,0,0
societi,1,0,1,0,0,0,0,0,0,0,0,0,0,0
garbag,1,0,1,0,0,0,0,0,0,0,0,0,0,0
bin,1,0,1,0,0,0,0,0,0,0,0,0,0,0
empti,3,0,1,1,0,1,0,0,0,0,0,0,0,0
path,1,0,1,0,0,0,0,0,0,0,0,0,0,0
et,4,0,4,0,0,0,0,0,0,0,0,0,0,0
ski,4,0,4,0,0,0,0,0,0,0,0,0,0,0
write,2,0,1,1,0,0,0,0,0,0,0,0,0,0
book,3,0,1,0,1,0,1,0,0,0,0,0,0,0
anxieti,8,0,2,0,0,4,0,0,0,0,0,0,2,0
failur,2,0,1,0,0,0,0,0,0,0,1,0,0,0
twice,1,0,1,0,0,0,0,0,0,0,0,0,0,0
longest,1,0,1,0,0,0,0,0,0,0,0,0,0,0
husband,1,0,1,0,0,0,0,0,0,0,0,0,0,0
stuck,3,0,1,0,0,0,0,0,0,0,0,0,2,0
troubl,5,0,1,1,0,2,0,1,0,0,0,0,0,0
water,4,0,1,0,0,0,0,0,1,0,0,0,2,0
activ,5,0,2,1,0,1,0,0,0,0,0,0,1,0
generat,1,0,1,0,0,0,0,0,0,0,0,0,0,0
weak,1,0,1,0,0,0,0,0,0,0,0,0,0,0
take,13,0,1,1,1,2,0,0,3,0,1,3,1,0
oh,5,0,1,1,0,0,1,0,0,0,1,1,0,0
togeth,8,0,1,2,0,1,0,3,0,0,1,0,0,0
middl,1,0,1,0,0,0,0,0,0,0,0,0,0,0
graveston,1,0,1,0,0,0,0,0,0,0,0,0,0,0
pace,1,0,1,0,0,0,0,0,0,0,0,0,0,0
invas,1,0,1,0,0,0,0,0,0,0,0,0,0,0
migrat,2,0,1,0,0,0,0,0,0,0,0,0,1,0
boyfriend,2,0,1,0,0,0,0,0,0,0,1,0,0,0
car,5,0,1,0,0,0,0,0,1,0,0,1,2,0
distant,1,0,1,0,0,0,0,0,0,0,0,0,0,0
difficult,1,0,1,0,0,0,0,0,0,0,0,0,0,0
everyon,7,0,1,0,1,1,1,0,2,0,0,0,1,0
agre,6,0,1,3,0,0,0,0,1,0,1,0,0,0
told,6,0,1,1,0,0,0,0,2,0,1,0,1,0
bur,1,0,1,0,0,0,0,0,0,0,0,0,0,0
builder,1,0,1,0,0,0,0,0,0,0,0,0,0,0
type,2,0,1,0,1,0,0,0,0,0,0,0,0,0
crew,1,0,1,0,0,0,0,0,0,0,0,0,0,0
rescu,2,0,2,0,0,0,0,0,0,0,0,0,0,0
cat,3,0,1,0,0,0,1,0,0,0,1,0,0,0
clear,3,0,1,0,0,0,0,0,1,0,0,0,1,0
garden,1,0,1,0,0,0,0,0,0,0,0,0,0,0
mice,1,0,1,0,0,0,0,0,0,0,0,0,0,0
third,1,0,1,0,0,0,0,0,0,0,0,0,0,0
apart,2,0,1,0,0,0,0,1,0,0,0,0,0,0
cut,1,0,1,0,0,0,0,0,0,0,0,0,0,0
saw,4,0,1,0,0,1,1,1,0,0,0,0,0,0
earlier,1,0,1,0,0,0,0,0,0,0,0,0,0,0
happen,10,0,1,1,0,4,4,0,0,0,0,0,0,0
mention,1,0,1,0,0,0,0,0,0,0,0,0,0,0
inform,3,1,1,0,0,0,0,0,1,0,0,0,0,0
epilepsi,1,0,1,0,0,0,0,0,0,0,0,0,0,0
crazi,1,0,1,0,0,0,0,0,0,0,0,0,0,0
subscrib,1,0,1,0,0,0,0,0,0,0,0,0,0,0
research,1,0,1,0,0,0,0,0,0,0,0,0,0,0
purpos,1,0,1,0,0,0,0,0,0,0,0,0,0,0
afternoon,1,0,1,0,0,0,0,0,0,0,0,0,0,0
princ,1,0,1,0,0,0,0,0,0,0,0,0,0,0
heir,1,0,1,0,0,0,0,0,0,0,0,0,0,0
estat,1,0,1,0,0,0,0,0,0,0,0,0,0,0
burn,1,0,1,0,0,0,0,0,0,0,0,0,0,0
cash,2,0,2,0,0,0,0,0,0,0,0,0,0,0
leav,5,1,1,1,0,0,0,1,0,0,0,0,1,0
noth,5,0,1,0,0,0,0,2,1,0,0,1,0,0
public,3,0,2,1,0,0,0,0,0,0,0,0,0,0
percept,2,0,2,0,0,0,0,0,0,0,0,0,0,0
financi,2,0,2,0,0,0,0,0,0,0,0,0,0,0
seen,3,0,1,0,1,0,1,0,0,0,0,0,0,0
yet,6,0,2,0,0,1,0,0,1,0,0,0,2,0
suspect,2,0,1,1,0,0,0,0,0,0,0,0,0,0
method,1,0,1,0,0,0,0,0,0,0,0,0,0,0
hotspot,1,0,1,0,0,0,0,0,0,0,0,0,0,0
safe,2,0,1,0,0,0,0,0,0,0,0,0,1,0
smell,2,1,1,0,0,0,0,0,0,0,0,0,0,0
messag,3,0,1,0,1,0,0,0,1,0,0,0,0,0
women,2,0,1,1,0,0,0,0,0,0,0,0,0,0
gold,2,0,1,1,0,0,0,0,0,0,0,0,0,0
lump,1,0,1,0,0,0,0,0,0,0,0,0,0,0
throat,1,0,1,0,0,0,0,0,0,0,0,0,0,0
futur,8,0,1,0,1,5,0,0,0,0,0,0,1,0
reaction,3,0,1,0,0,0,2,0,0,0,0,0,0,0
yell,2,0,1,0,0,0,0,0,1,0,0,0,0,0
deal,3,0,1,0,1,1,0,0,0,0,0,0,0,0
warrior,1,0,1,0,0,0,0,0,0,0,0,0,0,0
hope,11,1,3,1,0,0,0,0,4,0,0,0,2,0
band,3,0,1,0,0,0,0,0,0,0,2,0,0,0
accid,1,0,1,0,0,0,0,0,0,0,0,0,0,0
forget,5,0,1,0,1,0,0,3,0,0,0,0,0,0
pictur,2,0,1,0,0,0,0,0,0,0,1,0,0,0
stitch,1,0,1,0,0,0,0,0,0,0,0,0,0,0
cuff,1,0,1,0,0,0,0,0,0,0,0,0,0,0
respons,3,0,1,1,0,0,0,0,1,0,0,0,0,0
known,3,0,1,1,0,0,0,0,1,0,0,0,0,0
imperialist,1,0,1,0,0,0,0,0,0,0,0,0,0,0
adapt,1,0,1,0,0,0,0,0,0,0,0,0,0,0
normal,3,0,2,0,0,0,0,0,1,0,0,0,0,0
howev,1,0,1,0,0,0,0,0,0,0,0,0,0,0
anxious,1,0,1,0,0,0,0,0,0,0,0,0,0,0
wide,1,0,1,0,0,0,0,0,0,0,0,0,0,0
unattend,1,0,1,0,0,0,0,0,0,0,0,0,0,0
separ,1,0,1,0,0,0,0,0,0,0,0,0,0,0
unrel,1,0,1,0,0,0,0,0,0,0,0,0,0,0
within,2,0,1,0,0,0,0,0,0,0,0,0,1,0
fighter,1,0,1,0,0,0,0,0,0,0,0,0,0,0
jet,1,0,1,0,0,0,0,0,0,0,0,0,0,0
brought,1,0,1,0,0,0,0,0,0,0,0,0,0,0
near,3,0,1,1,0,0,0,1,0,0,0,0,0,0
china,1,0,1,0,0,0,0,0,0,0,0,0,0,0
lac,1,0,1,0,0,0,0,0,0,0,0,0,0,0
safeti,1,0,1,0,0,0,0,0,0,0,0,0,0,0
inspect,1,0,1,0,0,0,0,0,0,0,0,0,0,0
whilst,3,0,2,0,0,0,0,0,0,0,0,0,1,0
await,1,0,1,0,0,0,0,0,0,0,0,0,0,0
food,2,0,1,0,0,0,0,0,0,0,0,1,0,0
race,1,0,1,0,0,0,0,0,0,0,0,0,0,0
away,7,1,1,0,1,1,1,2,0,0,0,0,0,0
bedtim,1,0,1,0,0,0,0,0,0,0,0,0,0,0
outfit,1,0,1,0,0,0,0,0,0,0,0,0,0,0
direct,2,0,1,0,1,0,0,0,0,0,0,0,0,0
around,7,0,1,1,0,0,1,0,0,0,1,0,3,0
simpl,2,0,1,0,0,1,0,0,0,0,0,0,0,0
withdraw,2,0,1,1,0,0,0,0,0,0,0,0,0,0
wrong,2,0,1,0,0,1,0,0,0,0,0,0,0,0
lad,1,0,1,0,0,0,0,0,0,0,0,0,0,0
warm,4,0,1,0,0,0,1,1,0,0,0,0,1,0
anyth,5,0,2,0,0,0,0,2,1,0,0,0,0,0
finger,1,0,1,0,0,0,0,0,0,0,0,0,0,0
doc,1,0,1,0,0,0,0,0,0,0,0,0,0,0
seem,5,0,1,0,0,1,0,0,0,0,1,0,2,0
form,2,0,1,0,0,0,0,0,0,0,0,0,1,0
save,4,0,1,3,0,0,0,0,0,0,0,0,0,0
concern,2,0,1,1,0,0,0,0,0,0,0,0,0,0
aspect,1,0,1,0,0,0,0,0,0,0,0,0,0,0
consid,4,0,1,1,0,0,0,0,0,0,0,0,2,0
contact,1,0,1,0,0,0,0,0,0,0,0,0,0,0
counsellor,1,0,1,0,0,0,0,0,0,0,0,0,0,0
bought,2,0,1,0,1,0,0,0,0,0,0,0,0,0
greet,1,0,1,0,0,0,0,0,0,0,0,0,0,0
current,1,0,1,0,0,0,0,0,0,0,0,0,0,0
typic,1,0,1,0,0,0,0,0,0,0,0,0,0,0
jealous,2,0,1,0,0,0,0,1,0,0,0,0,0,0
rever,1,0,1,0,0,0,0,0,0,0,0,0,0,0
act,2,0,1,0,0,0,1,0,0,0,0,0,0,0
beauti,8,0,1,2,0,0,1,2,0,0,2,0,0,0
mix,1,0,1,0,0,0,0,0,0,0,0,0,0,0
old,6,0,1,1,0,0,0,0,1,0,2,0,1,0
ladi,7,0,1,0,0,0,0,0,0,0,6,0,0,0
harder,3,0,1,1,0,0,1,0,0,0,0,0,0,0
shake,1,0,1,0,0,0,0,0,0,0,0,0,0,0
date,5,0,0,0,0,0,0,0,0,0,5,0,0,0
buy,5,0,0,0,0,0,0,0,0,0,5,0,0,0
rose,5,0,0,0,0,0,0,0,0,0,5,0,0,0
along,6,0,0,0,0,0,1,0,0,0,5,0,0,0
enhanc,5,0,0,0,0,0,0,0,0,0,5,0,0,0
toughest,1,0,0,0,0,0,0,0,0,0,1,0,0,0
mani,9,0,0,2,0,0,1,1,0,0,3,0,2,0
return,2,0,0,0,0,0,0,0,0,0,2,0,0,0
bless,8,0,0,0,0,0,0,0,0,0,7,0,1,0
tag,2,0,0,0,0,0,0,0,0,0,2,0,0,0
fashion,2,0,0,0,0,0,0,0,0,0,2,0,0,0
communiti,3,0,0,1,0,0,0,0,0,0,2,0,0,0
creativ,3,0,0,0,0,0,0,0,1,0,2,0,0,0
rubber,2,0,0,0,0,0,0,0,0,0,2,0,0,0
brand,1,0,0,0,0,0,0,0,0,0,1,0,0,0
tri,7,0,0,0,3,0,1,0,1,0,1,0,1,0
outsmart,1,0,0,0,0,0,0,0,0,0,1,0,0,0
competit,1,0,0,0,0,0,0,0,0,0,1,0,0,0
lead,4,0,0,1,0,0,0,0,0,0,1,0,2,0
patholog,1,0,0,0,0,0,0,0,0,0,1,0,0,0
birthday,9,0,0,0,1,0,2,0,1,0,5,0,0,0
star,5,0,0,0,0,0,0,1,1,0,3,0,0,0
fastest,1,0,0,0,0,0,0,0,0,0,1,0,0,0
grow,4,0,0,0,0,0,1,0,0,0,2,0,1,0
recommend,1,0,0,0,0,0,0,0,0,0,1,0,0,0
repost,3,0,0,0,0,0,0,0,0,0,3,0,0,0
inst,2,0,0,0,0,0,0,0,0,0,2,0,0,0
cute,3,0,0,0,0,0,0,0,1,0,2,0,0,0
celebr,5,0,0,3,0,0,0,0,0,0,2,0,0,0
boy,8,0,0,0,0,0,0,0,3,0,4,0,1,0
parti,8,1,0,3,0,0,1,0,1,0,1,1,0,0
drink,2,0,0,0,0,1,0,0,0,0,1,0,0,0
silver,1,0,0,0,0,0,0,0,0,0,1,0,0,0
fox,3,0,0,0,0,0,0,0,0,0,3,0,0,0
globe,1,0,0,0,0,0,0,0,0,0,1,0,0,0
peep,1,0,0,0,0,0,0,0,0,0,1,0,0,0
demo,1,0,0,0,0,0,0,0,0,0,1,0,0,0
career,1,0,0,0,0,0,0,0,0,0,1,0,0,0
sunris,2,0,0,0,0,0,0,1,0,0,1,0,0,0
doubt,5,0,0,1,0,2,0,1,0,0,1,0,0,0
gratitud,2,0,0,0,0,0,0,0,0,0,2,0,0,0
move,7,0,0,2,0,0,1,0,0,0,2,0,2,0
forward,5,0,0,2,0,0,0,0,0,0,2,0,1,0
awaken,2,0,0,0,0,0,0,0,0,0,2,0,0,0
sou,1,0,0,0,0,0,0,0,0,0,1,0,0,0
la,2,0,0,0,1,0,0,0,0,0,1,0,0,0
hey,5,0,0,1,1,0,1,0,0,0,1,0,1,0
kind,4,0,0,0,0,0,0,0,2,0,1,0,1,0
spread,1,0,0,0,0,0,0,0,0,0,1,0,0,0
amaz,3,0,0,1,0,0,1,0,0,0,1,0,0,0
fan,2,0,0,0,0,0,0,0,0,0,2,0,0,0
nice,7,2,0,0,1,0,2,0,0,0,1,0,1,0
win,6,0,0,2,1,0,1,0,1,0,1,0,0,0
gig,1,0,0,0,0,0,0,0,0,0,1,0,0,0
quot,3,0,0,1,0,1,0,0,0,0,1,0,0,0
kitchen,2,0,0,0,0,0,0,0,1,0,1,0,0,0
ugh,1,0,0,0,0,0,0,0,0,0,1,0,0,0
bottl,2,0,0,0,0,0,0,0,0,0,1,0,1,0
wine,1,0,0,0,0,0,0,0,0,0,1,0,0,0
cow,1,0,0,0,0,0,0,0,0,0,1,0,0,0
scratcher,1,0,0,0,0,0,0,0,0,0,1,0,0,0
seller,1,0,0,0,0,0,0,0,0,0,1,0,0,0
contract,1,0,0,0,0,0,0,0,0,0,1,0,0,0
list,3,0,0,0,0,0,0,0,0,0,1,0,2,0
great,25,0,0,13,2,1,2,1,1,0,3,0,2,0
longer,2,0,0,1,0,0,0,0,0,0,1,0,0,0
settl,1,0,0,0,0,0,0,0,0,0,1,0,0,0
x,2,0,0,0,0,0,0,0,0,0,2,0,0,0
bookmark,2,0,0,0,0,0,0,0,0,0,2,0,0,0
click,3,0,0,0,1,0,0,0,0,0,2,0,0,0
chanc,2,0,0,0,0,0,0,0,0,0,2,0,0,0
street,1,0,0,0,0,0,0,0,0,0,1,0,0,0
pure,1,0,0,0,0,0,0,0,0,0,1,0,0,0
graffiti,1,0,0,0,0,0,0,0,0,0,1,0,0,0
ton,2,0,0,0,0,0,0,0,1,0,1,0,0,0
surpris,30,1,0,0,0,0,26,0,2,0,1,0,0,0
excit,3,0,0,1,0,0,1,0,0,0,1,0,0,0
posit,1,0,0,0,0,0,0,0,0,0,1,0,0,0
affirm,1,0,0,0,0,0,0,0,0,0,1,0,0,0
mantra,1,0,0,0,0,0,0,0,0,0,1,0,0,0
alreadi,6,0,0,1,0,0,0,2,2,0,1,0,0,0
observ,1,0,0,0,0,0,0,0,0,0,1,0,0,0
unhappi,1,0,0,0,0,0,0,0,0,0,1,0,0,0
sacrif,1,0,0,0,0,0,0,0,0,0,1,0,0,0
content,1,0,0,0,0,0,0,0,0,0,1,0,0,0
stick,2,0,0,1,0,0,0,0,0,0,1,0,0,0
presid,3,0,0,2,0,0,0,0,0,0,1,0,0,0
restaur,1,0,0,0,0,0,0,0,0,0,1,0,0,0
laps,1,0,0,0,0,0,0,0,0,0,1,0,0,0
fix,1,0,0,0,0,0,0,0,0,0,1,0,0,0
stream,2,0,0,0,0,0,0,0,0,0,2,0,0,0
releas,2,0,0,1,0,0,0,0,0,0,1,0,0,0
dragon,1,0,0,0,0,0,0,0,0,0,1,0,0,0
streamer,1,0,0,0,0,0,0,0,0,0,1,0,0,0
sir,1,0,0,0,0,0,0,0,0,0,1,0,0,0
classic,1,0,0,0,0,0,0,0,0,0,1,0,0,0
costum,1,0,0,0,0,0,0,0,0,0,1,0,0,0
girl,3,0,0,0,0,0,0,0,2,0,1,0,0,0
breakfast,2,0,0,0,0,0,0,0,0,0,2,0,0,0
schoolmat,2,0,0,0,0,0,0,0,0,0,2,0,0,0
ring,2,0,0,0,0,0,1,0,0,0,1,0,0,0
social,2,0,0,0,0,0,0,0,1,0,1,0,0,0
intern,1,0,0,0,0,0,0,0,0,0,1,0,0,0
year,16,0,0,3,1,0,3,1,2,0,1,0,5,0
plug,1,0,0,0,0,0,0,0,0,0,1,0,0,0
gift,3,0,0,0,0,0,0,0,0,0,2,0,1,0
arriv,1,0,0,0,0,0,0,0,0,0,1,0,0,0
glad,1,0,0,0,0,0,0,0,0,0,1,0,0,0
end,9,0,0,2,1,1,0,0,1,0,2,0,2,0
cheer,2,0,0,1,0,0,0,0,0,0,1,0,0,0
favourit,1,0,0,0,0,0,0,0,0,0,1,0,0,0
grand,5,0,0,4,0,0,0,0,0,0,1,0,0,0
figurin,1,0,0,0,0,0,0,0,0,0,1,0,0,0
box,1,0,0,0,0,0,0,0,0,0,1,0,0,0
kinda,2,0,0,1,0,0,0,0,0,0,1,0,0,0
vesper,1,0,0,0,0,0,0,0,0,0,1,0,0,0
dinnertim,1,0,0,0,0,0,0,0,0,0,1,0,0,0
weekend,4,0,0,0,0,0,0,0,0,0,3,1,0,0
goe,1,0,0,0,0,0,0,0,0,0,1,0,0,0
energi,1,0,0,0,0,0,0,0,0,0,1,0,0,0
flow,4,0,0,1,2,0,0,0,0,0,1,0,0,0
conscious,1,0,0,0,0,0,0,0,0,0,1,0,0,0
must,5,0,0,0,1,0,0,1,0,0,1,0,2,0
faint,1,0,0,0,0,0,0,0,0,0,1,0,0,0
awkward,1,0,0,0,0,0,0,0,0,0,1,0,0,0
shop,2,0,0,0,0,0,0,0,0,0,2,0,0,0
updat,4,0,0,0,1,0,0,0,1,0,2,0,0,0
ex,2,0,0,0,0,0,0,0,0,0,2,0,0,0
bonus,3,0,0,0,1,0,0,0,0,0,2,0,0,0
lilli,2,0,0,0,0,0,0,0,0,0,2,0,0,0
messi,1,0,0,0,0,0,0,0,0,0,1,0,0,0
shirt,3,0,0,0,0,0,0,0,0,0,1,0,2,0
coffe,4,0,0,0,1,0,0,0,0,0,1,0,2,0
perfect,3,0,0,0,0,0,1,1,0,0,1,0,0,0
west,3,1,0,0,0,0,0,0,0,0,1,0,1,0
readi,11,1,0,0,2,0,3,0,0,0,1,1,3,0
prosper,1,0,0,0,0,0,0,0,0,0,1,0,0,0
bring,3,0,0,0,0,1,0,0,1,0,1,0,0,0
flower,1,0,0,0,0,0,0,0,0,0,1,0,0,0
brighten,1,0,0,0,0,0,0,0,0,0,1,0,0,0
whisper,3,0,0,0,0,0,0,2,0,0,1,0,0,0
lip,2,0,0,0,0,0,0,1,0,0,1,0,0,0
kiss,6,0,0,0,0,0,0,4,0,0,1,1,0,0
garland,1,0,0,0,0,0,0,0,0,0,1,0,0,0
wed,1,0,0,0,0,0,0,0,0,0,1,0,0,0
llama,2,0,0,0,0,0,0,0,0,0,2,0,0,0
relax,3,0,0,1,0,1,0,0,0,0,1,0,0,0
romant,2,0,0,0,0,0,0,0,1,0,1,0,0,0
hen,1,0,0,0,0,0,0,0,0,0,1,0,0,0
super,2,0,0,0,0,0,0,0,1,0,1,0,0,0
lay,2,0,0,0,0,0,0,1,0,0,1,0,0,0
egg,1,0,0,0,0,0,0,0,0,0,1,0,0,0
joy,4,0,0,0,0,0,0,1,0,0,2,1,0,0
wildlif,1,0,0,0,0,0,0,0,0,0,1,0,0,0
photographi,1,0,0,0,0,0,0,0,0,0,1,0,0,0
sweet,1,0,0,0,0,0,0,0,0,0,1,0,0,0
medit,2,0,0,0,0,1,0,0,0,0,1,0,0,0
sauna,1,0,0,0,0,0,0,0,0,0,1,0,0,0
jacuzzi,1,0,0,0,0,0,0,0,0,0,1,0,0,0
subscript,1,0,0,0,0,0,0,0,0,0,1,0,0,0
cousin,1,0,0,0,0,0,0,0,0,0,1,0,0,0
subtl,1,0,0,0,0,0,0,0,0,0,1,0,0,0
discount,1,0,0,0,0,0,0,0,0,0,1,0,0,0
size,2,0,0,0,0,0,0,0,0,0,2,0,0,0
fit,2,0,0,0,0,0,0,0,0,0,2,0,0,0
razor,2,0,0,0,0,0,0,0,0,0,2,0,0,0
healthi,2,0,0,0,0,0,0,0,0,0,2,0,0,0
lifestyl,2,0,0,0,0,0,0,0,0,0,2,0,0,0
style,3,0,0,0,0,0,0,0,1,0,2,0,0,0
sens,2,0,0,0,0,0,0,0,0,0,2,0,0,0
sensibl,2,0,0,0,0,0,0,0,0,0,2,0,0,0
hide,2,0,0,0,0,0,0,0,0,0,2,0,0,0
raini,1,0,0,0,0,0,0,0,0,0,1,0,0,0
twitch,1,0,0,0,0,0,0,0,0,0,1,0,0,0
bye,1,0,0,0,1,0,0,0,0,0,0,0,0,0
base,3,0,0,1,1,1,0,0,0,0,0,0,0,0
ignor,2,0,0,0,1,0,0,0,1,0,0,0,0,0
present,3,0,0,1,1,0,0,0,0,0,0,1,0,0
keeper,1,0,0,0,1,0,0,0,0,0,0,0,0,0
accord,2,0,0,1,1,0,0,0,0,0,0,0,0,0
tactic,1,0,0,0,1,0,0,0,0,0,0,0,0,0
join,4,0,0,1,3,0,0,0,0,0,0,0,0,0
denial,1,0,0,0,1,0,0,0,0,0,0,0,0,0
welcom,3,0,0,2,1,0,0,0,0,0,0,0,0,0
buck,1,0,0,0,1,0,0,0,0,0,0,0,0,0
boulder,1,0,0,0,1,0,0,0,0,0,0,0,0,0
beach,1,0,0,0,1,0,0,0,0,0,0,0,0,0
kiddo,1,0,0,0,1,0,0,0,0,0,0,0,0,0
finish,2,0,0,1,1,0,0,0,0,0,0,0,0,0
account,5,0,0,0,2,1,1,0,0,0,0,0,1,0
ahead,1,0,0,0,1,0,0,0,0,0,0,0,0,0
wee,1,0,0,0,1,0,0,0,0,0,0,0,0,0
advanc,1,0,0,0,1,0,0,0,0,0,0,0,0,0
paper,1,0,0,0,1,0,0,0,0,0,0,0,0,0
hassl,1,0,0,0,1,0,0,0,0,0,0,0,0,0
merchant,1,0,0,0,1,0,0,0,0,0,0,0,0,0
surnam,1,0,0,0,1,0,0,0,0,0,0,0,0,0
copi,1,0,0,0,1,0,0,0,0,0,0,0,0,0
least,1,0,0,0,1,0,0,0,0,0,0,0,0,0
wont,3,1,0,0,2,0,0,0,0,0,0,0,0,0
name,4,1,0,0,2,0,0,1,0,0,0,0,0,0
pretend,1,0,0,0,1,0,0,0,0,0,0,0,0,0
argu,1,0,0,0,1,0,0,0,0,0,0,0,0,0
p,1,0,0,0,1,0,0,0,0,0,0,0,0,0
second,2,0,0,0,1,0,0,0,0,0,0,0,1,0
bone,2,0,0,0,1,0,0,0,0,0,0,0,1,0
stuff,2,0,0,0,1,1,0,0,0,0,0,0,0,0
easi,5,0,0,1,2,0,0,0,0,0,0,0,2,0
accomplish,1,0,0,0,1,0,0,0,0,0,0,0,0,0
flush,1,0,0,0,1,0,0,0,0,0,0,0,0,0
button,2,0,0,0,1,0,0,0,0,0,0,1,0,0
appreci,1,0,0,0,1,0,0,0,0,0,0,0,0,0
muse,1,0,0,0,1,0,0,0,0,0,0,0,0,0
suggest,3,0,0,1,2,0,0,0,0,0,0,0,0,0
weaver,1,0,0,0,1,0,0,0,0,0,0,0,0,0
decis,2,0,0,0,1,0,1,0,0,0,0,0,0,0
show,8,1,0,2,1,0,1,0,1,0,0,2,0,0
franklin,1,0,0,0,1,0,0,0,0,0,0,0,0,0
sever,1,0,0,0,1,0,0,0,0,0,0,0,0,0
faculti,1,0,0,0,1,0,0,0,0,0,0,0,0,0
damn,2,0,0,0,1,0,1,0,0,0,0,0,0,0
slot,1,0,0,0,1,0,0,0,0,0,0,0,0,0
lucki,2,0,0,0,2,0,0,0,0,0,0,0,0,0
hang,2,0,0,0,1,0,0,0,1,0,0,0,0,0
episod,2,0,0,0,1,1,0,0,0,0,0,0,0,0
may,7,0,0,0,2,2,0,2,0,0,0,0,1,0
forth,1,0,0,0,1,0,0,0,0,0,0,0,0,0
anyway,2,0,0,0,1,1,0,0,0,0,0,0,0,0
toggl,1,0,0,0,1,0,0,0,0,0,0,0,0,0
search,2,0,0,0,1,0,0,1,0,0,0,0,0,0
pencil,1,0,0,0,1,0,0,0,0,0,0,0,0,0
sharp,1,0,0,0,1,0,0,0,0,0,0,0,0,0
sharpen,1,0,0,0,1,0,0,0,0,0,0,0,0,0
philosophi,1,0,0,0,1,0,0,0,0,0,0,0,0,0
simpler,1,0,0,0,1,0,0,0,0,0,0,0,0,0
foot,2,0,0,0,1,0,0,0,0,0,0,0,1,0
bus,2,0,0,0,1,0,0,0,0,0,0,1,0,0
class,3,0,0,1,1,0,0,0,0,0,0,1,0,0
critiqu,1,0,0,0,1,0,0,0,0,0,0,0,0,0
noon,1,0,0,0,1,0,0,0,0,0,0,0,0,0
paint,1,0,0,0,1,0,0,0,0,0,0,0,0,0
classroom,1,0,0,0,1,0,0,0,0,0,0,0,0,0
page,1,0,0,0,1,0,0,0,0,0,0,0,0,0
leader,2,0,0,1,1,0,0,0,0,0,0,0,0,0
deleg,1,0,0,0,1,0,0,0,0,0,0,0,0,0
genial,1,0,0,0,1,0,0,0,0,0,0,0,0,0
spinner,1,0,0,0,1,0,0,0,0,0,0,0,0,0
came,5,0,0,0,1,0,1,1,0,0,0,0,2,0
greenbelt,1,0,0,0,1,0,0,0,0,0,0,0,0,0
amp,3,0,0,0,3,0,0,0,0,0,0,0,0,0
instant,2,0,0,0,1,0,0,0,0,0,0,0,1,0
empir,1,0,0,0,1,0,0,0,0,0,0,0,0,0
recoup,1,0,0,0,1,0,0,0,0,0,0,0,0,0
invest,2,0,0,1,1,0,0,0,0,0,0,0,0,0
piec,4,0,0,0,1,0,0,0,0,0,0,0,3,0
strang,1,0,0,0,1,0,0,0,0,0,0,0,0,0
exact,1,0,0,0,1,0,0,0,0,0,0,0,0,0
chapter,1,0,0,0,1,0,0,0,0,0,0,0,0,0
laid,1,0,0,0,1,0,0,0,0,0,0,0,0,0
mysteri,1,0,0,0,1,0,0,0,0,0,0,0,0,0
ta,1,0,0,0,1,0,0,0,0,0,0,0,0,0
babe,2,0,0,0,1,0,0,1,0,0,0,0,0,0
curri,2,1,0,0,1,0,0,0,0,0,0,0,0,0
ass,1,0,0,0,1,0,0,0,0,0,0,0,0,0
door,1,0,0,0,1,0,0,0,0,0,0,0,0,0
organis,1,0,0,0,1,0,0,0,0,0,0,0,0,0
brows,1,0,0,0,1,0,0,0,0,0,0,0,0,0
univers,6,1,0,0,1,0,1,1,0,0,0,2,0,0
interior,1,0,0,0,1,0,0,0,0,0,0,0,0,0
almost,2,0,0,0,1,0,0,0,1,0,0,0,0,0
goo,1,0,0,0,1,0,0,0,0,0,0,0,0,0
tom,1,0,0,0,1,0,0,0,0,0,0,0,0,0
programm,1,0,0,0,1,0,0,0,0,0,0,0,0,0
took,2,0,0,0,1,0,0,0,0,0,0,0,1,0
yahoo,1,0,0,0,1,0,0,0,0,0,0,0,0,0
tool,1,0,0,0,0,1,0,0,0,0,0,0,0,0
unorthodox,1,0,0,0,0,1,0,0,0,0,0,0,0,0
approach,2,0,0,1,0,1,0,0,0,0,0,0,0,0
panic,1,0,0,0,0,1,0,0,0,0,0,0,0,0
hack,1,0,0,0,0,1,0,0,0,0,0,0,0,0
choic,2,0,0,1,0,1,0,0,0,0,0,0,0,0
experi,4,0,0,0,0,1,0,0,3,0,0,0,0,0
moment,7,0,0,1,0,1,1,0,0,0,0,0,4,0
past,2,0,0,0,0,1,0,0,0,0,0,0,1,0
featur,1,0,0,0,0,1,0,0,0,0,0,0,0,0
item,1,0,0,0,0,1,0,0,0,0,0,0,0,0
inspir,1,0,0,0,0,1,0,0,0,0,0,0,0,0
stone,1,0,0,0,0,1,0,0,0,0,0,0,0,0
cri,1,0,0,0,0,1,0,0,0,0,0,0,0,0
websit,3,0,0,0,0,1,0,0,1,0,0,0,1,0
endur,1,0,0,0,0,1,0,0,0,0,0,0,0,0
darkest,1,0,0,0,0,1,0,0,0,0,0,0,0,0
despair,2,0,0,0,0,2,0,0,0,0,0,0,0,0
enemi,1,0,0,0,0,1,0,0,0,0,0,0,0,0
wash,1,0,0,0,0,1,0,0,0,0,0,0,0,0
transit,2,0,0,0,0,2,0,0,0,0,0,0,0,0
upload,1,0,0,0,0,1,0,0,0,0,0,0,0,0
perman,1,0,0,0,0,1,0,0,0,0,0,0,0,0
tat,1,0,0,0,0,1,0,0,0,0,0,0,0,0
often,1,0,0,0,0,1,0,0,0,0,0,0,0,0
twit,1,0,0,0,0,1,0,0,0,0,0,0,0,0
wear,1,0,0,0,0,1,0,0,0,0,0,0,0,0
promis,2,0,0,0,0,1,0,1,0,0,0,0,0,0
cartoon,1,0,0,0,0,1,0,0,0,0,0,0,0,0
chi,1,0,0,0,0,1,0,0,0,0,0,0,0,0
various,2,0,0,1,0,1,0,0,0,0,0,0,0,0
sorrow,1,0,0,0,0,1,0,0,0,0,0,0,0,0
solut,1,0,0,0,0,1,0,0,0,0,0,0,0,0
blacker,1,0,0,0,0,1,0,0,0,0,0,0,0,0
panther,1,0,0,0,0,1,0,0,0,0,0,0,0,0
beat,3,0,0,0,0,1,1,0,0,0,0,0,1,0
fed,2,0,0,1,0,1,0,0,0,0,0,0,0,0
psychologist,1,0,0,0,0,1,0,0,0,0,0,0,0,0
review,1,0,0,0,0,1,0,0,0,0,0,0,0,0
worm,1,0,0,0,0,1,0,0,0,0,0,0,0,0
caught,4,0,0,0,0,1,0,1,0,0,0,0,2,0
en,1,0,0,0,0,1,0,0,0,0,0,0,0,0
taught,2,0,0,0,0,1,0,1,0,0,0,0,0,0
wisdom,1,0,0,0,0,1,0,0,0,0,0,0,0,0
marri,1,0,0,0,0,1,0,0,0,0,0,0,0,0
reduc,2,0,0,0,0,1,0,0,0,0,0,0,1,0
buse,1,0,0,0,0,1,0,0,0,0,0,0,0,0
root,3,0,0,0,0,1,0,0,1,0,0,0,1,0
soil,1,0,0,0,0,1,0,0,0,0,0,0,0,0
interest,1,0,0,0,0,1,0,0,0,0,0,0,0,0
insult,1,0,0,0,0,1,0,0,0,0,0,0,0,0
bi,2,0,0,0,0,2,0,0,0,0,0,0,0,0
true,10,0,0,4,0,1,2,1,1,0,0,0,1,0
hump,1,0,0,0,0,1,0,0,0,0,0,0,0,0
shadow,3,0,0,0,0,1,0,2,0,0,0,0,0,0
matter,11,2,0,2,0,2,0,3,0,0,0,0,2,0
dwell,1,0,0,0,0,1,0,0,0,0,0,0,0,0
belief,2,0,0,0,0,2,0,0,0,0,0,0,0,0
solv,2,0,0,0,0,1,0,0,1,0,0,0,0,0
chronic,4,0,0,0,0,2,0,0,0,0,0,0,2,0
diseas,2,0,0,0,0,2,0,0,0,0,0,0,0,0
huge,3,0,0,0,0,1,1,0,0,0,0,0,1,0
psycholog,1,0,0,0,0,1,0,0,0,0,0,0,0,0
veteran,2,0,0,1,0,0,0,0,0,0,0,1,0,0
brave,1,0,0,1,0,0,0,0,0,0,0,0,0,0
nation,5,1,0,2,0,0,0,0,1,0,0,0,1,0
massiv,1,0,0,1,0,0,0,0,0,0,0,0,0,0
overflow,1,0,0,1,0,0,0,0,0,0,0,0,0,0
crowd,1,0,0,1,0,0,0,0,0,0,0,0,0,0
rapid,4,0,0,4,0,0,0,0,0,0,0,0,0,0
soon,5,0,0,2,0,0,0,0,1,0,0,0,2,0
republican,3,0,0,3,0,0,0,0,0,0,0,0,0,0
healthcar,2,0,0,2,0,0,0,0,0,0,0,0,0,0
disast,1,0,0,1,0,0,0,0,0,0,0,0,0,0
far,3,0,0,1,0,0,0,1,0,0,0,0,1,0
deduct,1,0,0,1,0,0,0,0,0,0,0,0,0,0
virtual,1,0,0,1,0,0,0,0,0,0,0,0,0,0
unus,1,0,0,1,0,0,0,0,0,0,0,0,0,0
court,1,0,0,1,0,0,0,0,0,0,0,0,0,0
legisl,1,0,0,1,0,0,0,0,0,0,0,0,0,0
increas,4,0,0,4,0,0,0,0,0,0,0,0,0,0
oil,3,0,0,1,0,0,0,0,0,0,0,0,2,0
fragil,1,0,0,1,0,0,0,0,0,0,0,0,0,0
price,2,0,0,2,0,0,0,0,0,0,0,0,0,0
report,3,0,0,3,0,0,0,0,0,0,0,0,0,0
likewis,1,0,0,1,0,0,0,0,0,0,0,0,0,0
ralli,2,0,0,1,0,0,0,0,1,0,0,0,0,0
award,1,0,0,1,0,0,0,0,0,0,0,0,0,0
highest,2,0,0,2,0,0,0,0,0,0,0,0,0,0
militari,3,0,0,3,0,0,0,0,0,0,0,0,0,0
fallen,1,0,0,1,0,0,0,0,0,0,0,0,0,0
hero,1,0,0,1,0,0,0,0,0,0,0,0,0,0
made,7,0,0,2,0,0,1,1,0,0,0,1,2,0
suprem,1,0,0,1,0,0,0,0,0,0,0,0,0,0
sacrific,1,0,0,1,0,0,0,0,0,0,0,0,0,0
staff,2,0,0,1,0,0,1,0,0,0,0,0,0,0
sergeant,1,0,0,1,0,0,0,0,0,0,0,0,0,0
polit,1,0,0,1,0,0,0,0,0,0,0,0,0,0
meet,2,0,0,2,0,0,0,0,0,0,0,0,0,0
obvious,1,0,0,1,0,0,0,0,0,0,0,0,0,0
total,5,0,0,3,0,0,1,0,0,0,0,0,1,0
commit,1,0,0,1,0,0,0,0,0,0,0,0,0,0
proclam,2,0,0,2,0,0,0,0,0,0,0,0,0,0
recogn,3,0,0,3,0,0,0,0,0,0,0,0,0,0
height,3,0,0,3,0,0,0,0,0,0,0,0,0,0
part,5,0,0,1,0,0,1,1,1,0,0,0,1,0
border,1,0,0,1,0,0,0,0,0,0,0,0,0,0
reaffirm,1,0,0,1,0,0,0,0,0,0,0,0,0,0
congression,1,0,0,1,0,0,0,0,0,0,0,0,0,0
democrat,1,0,0,1,0,0,0,0,0,0,0,0,0,0
drug,1,0,0,1,0,0,0,0,0,0,0,0,0,0
champion,1,0,0,1,0,0,0,0,0,0,0,0,0,0
prime,1,0,0,1,0,0,0,0,0,0,0,0,0,0
minist,1,0,0,1,0,0,0,0,0,0,0,0,0,0
sign,2,0,0,2,0,0,0,0,0,0,0,0,0,0
presidenti,1,0,0,1,0,0,0,0,0,0,0,0,0,0
sovereignti,2,0,0,2,0,0,0,0,0,0,0,0,0,0
break,3,0,0,2,0,0,0,0,1,0,0,0,0,0
conspiraci,1,0,0,1,0,0,0,0,0,0,0,0,0,0
ideolog,1,0,0,1,0,0,0,0,0,0,0,0,0,0
loyalti,1,0,0,1,0,0,0,0,0,0,0,0,0,0
conspir,2,0,0,1,0,0,0,1,0,0,0,0,0,0
cooper,1,0,0,1,0,0,0,0,0,0,0,0,0,0
effort,2,0,0,1,0,0,0,0,0,0,0,0,1,0
interfer,1,0,0,1,0,0,0,0,0,0,0,0,0,0
elect,1,0,0,1,0,0,0,0,0,0,0,0,0,0
collus,1,0,0,1,0,0,0,0,0,0,0,0,0,0
obstruct,1,0,0,1,0,0,0,0,0,0,0,0,0,0
exoner,1,0,0,1,0,0,0,0,0,0,0,0,0,0
republ,1,0,0,1,0,0,0,0,0,0,0,0,0,0
saint,1,0,0,1,0,0,0,0,0,0,0,0,0,0
announc,2,0,0,2,0,0,0,0,0,0,0,0,0,0
treasuri,1,0,0,1,0,0,0,0,0,0,0,0,0,0
addit,1,0,0,1,0,0,0,0,0,0,0,0,0,0
larg,1,0,0,1,0,0,0,0,0,0,0,0,0,0
scale,1,0,0,1,0,0,0,0,0,0,0,0,0,0
sanction,1,0,0,1,0,0,0,0,0,0,0,0,0,0
exist,3,0,0,1,0,0,1,0,0,0,0,0,1,0
north,2,1,0,1,0,0,0,0,0,0,0,0,0,0
order,3,0,0,2,0,0,1,0,0,0,0,0,0,0
pleasur,1,0,0,1,0,0,0,0,0,0,0,0,0,0
economist,1,0,0,1,0,0,0,0,0,0,0,0,0,0
nomin,1,0,0,1,0,0,0,0,0,0,0,0,0,0
board,1,0,0,1,0,0,0,0,0,0,0,0,0,0
outstand,1,0,0,1,0,0,0,0,0,0,0,0,0,0
fantast,1,0,0,1,0,0,0,0,0,0,0,0,0,0
will,1,0,0,1,0,0,0,0,0,0,0,0,0,0
pressur,1,0,0,1,0,0,0,0,0,0,0,0,0,0
cave,1,0,0,1,0,0,0,0,0,0,0,0,0,0
surrend,1,0,0,1,0,0,0,0,0,0,0,0,0,0
testament,1,0,0,1,0,0,0,0,0,0,0,0,0,0
number,2,0,0,2,0,0,0,0,0,0,0,0,0,0
achiev,3,0,0,1,0,0,0,0,0,0,0,0,2,0
syndrom,1,0,0,1,0,0,0,0,0,0,0,0,0,0
histor,1,0,0,1,0,0,0,0,0,0,0,0,0,0
action,3,0,0,2,0,0,0,0,0,0,0,0,1,0
defend,1,0,0,1,0,0,0,0,0,0,0,0,0,0
execut,1,0,0,1,0,0,0,0,0,0,0,0,0,0
protect,1,0,0,1,0,0,0,0,0,0,0,0,0,0
colleg,1,0,0,1,0,0,0,0,0,0,0,0,0,0
campus,1,0,0,1,0,0,0,0,0,0,0,0,0,0
unit,2,0,0,2,0,0,0,0,0,0,0,0,0,0
fulli,2,0,0,2,0,0,0,0,0,0,0,0,0,0
critic,1,0,0,1,0,0,0,0,0,0,0,0,0,0
strateg,1,0,0,1,0,0,0,0,0,0,0,0,0,0
region,2,0,0,1,0,0,0,0,0,0,0,0,1,0
stabil,1,0,0,1,0,0,0,0,0,0,0,0,0,0
ford,1,0,0,1,0,0,0,0,0,0,0,0,0,0
flat,1,0,0,1,0,0,0,0,0,0,0,0,0,0
rock,1,0,0,1,0,0,0,0,0,0,0,0,0,0
auto,1,0,0,1,0,0,0,0,0,0,0,0,0,0
product,3,0,0,1,0,0,0,0,0,0,0,0,2,0
facil,1,0,0,1,0,0,0,0,0,0,0,0,0,0
compani,1,0,0,1,0,0,0,0,0,0,0,0,0,0
pour,1,0,0,1,0,0,0,0,0,0,0,0,0,0
thrill,2,0,0,1,0,0,1,0,0,0,0,0,0,0
armi,1,0,0,1,0,0,0,0,0,0,0,0,0,0
tank,1,0,0,1,0,0,0,0,0,0,0,0,0,0
plant,2,0,0,2,0,0,0,0,0,0,0,0,0,0
resound,1,0,0,1,0,0,0,0,0,0,0,0,0,0
victori,1,0,0,1,0,0,0,0,0,0,0,0,0,0
campaign,1,0,0,1,0,0,0,0,0,0,0,0,0,0
popular,1,0,0,1,0,0,0,0,0,0,0,0,0,0
easier,1,0,0,1,0,0,0,0,0,0,0,0,0,0
economi,1,0,0,1,0,0,0,0,0,0,0,0,0,0
altern,1,0,0,1,0,0,0,0,0,0,0,0,0,0
forum,1,0,0,1,0,0,0,0,0,0,0,0,0,0
cook,2,0,0,1,0,0,0,0,0,0,0,1,0,0
chow,1,0,0,1,0,0,0,0,0,0,0,0,0,0
aunti,1,0,0,1,0,0,0,0,0,0,0,0,0,0
exercis,2,0,0,1,0,0,0,0,0,0,0,0,1,0
cardboard,1,0,0,1,0,0,0,0,0,0,0,0,0,0
environ,2,0,0,2,0,0,0,0,0,0,0,0,0,0
gambl,1,0,0,1,0,0,0,0,0,0,0,0,0,0
tax,2,0,0,1,0,0,0,0,0,0,0,0,1,0
peasant,1,0,0,1,0,0,0,0,0,0,0,0,0,0
spoken,1,0,0,1,0,0,0,0,0,0,0,0,0,0
approv,1,0,0,1,0,0,0,0,0,0,0,0,0,0
employ,1,0,0,1,0,0,0,0,0,0,0,0,0,0
plate,1,0,0,1,0,0,0,0,0,0,0,0,0,0
rice,1,0,0,1,0,0,0,0,0,0,0,0,0,0
luck,1,0,0,1,0,0,0,0,0,0,0,0,0,0
prepar,1,0,0,1,0,0,0,0,0,0,0,0,0,0
million,1,0,0,1,0,0,0,0,0,0,0,0,0,0
dollar,1,0,0,1,0,0,0,0,0,0,0,0,0,0
level,3,0,0,2,0,0,0,1,0,0,0,0,0,0
field,1,0,0,1,0,0,0,0,0,0,0,0,0,0
rich,2,0,0,1,0,0,0,1,0,0,0,0,0,0
poor,3,0,0,2,0,0,1,0,0,0,0,0,0,0
corner,2,0,0,1,0,0,0,0,0,0,0,0,1,0
fund,3,0,0,2,0,0,0,0,1,0,0,0,0,0
govern,2,0,0,1,0,0,0,0,0,0,0,0,1,0
disadvantag,1,0,0,1,0,0,0,0,0,0,0,0,0,0
extra,2,0,0,1,0,0,0,0,1,0,0,0,0,0
weaker,1,0,0,1,0,0,0,0,0,0,0,0,0,0
subject,3,0,0,2,0,0,0,0,1,0,0,0,0,0
woman,3,0,0,1,0,0,1,1,0,0,0,0,0,0
unsound,1,0,0,1,0,0,0,0,0,0,0,0,0,0
exampl,1,0,0,1,0,0,0,0,0,0,0,0,0,0
instead,2,0,0,1,0,0,0,0,1,0,0,0,0,0
newborn,1,0,0,1,0,0,0,0,0,0,0,0,0,0
privat,1,0,0,1,0,0,0,0,0,0,0,0,0,0
tuition,2,0,0,2,0,0,0,0,0,0,0,0,0,0
centr,1,0,0,1,0,0,0,0,0,0,0,0,0,0
plummet,1,0,0,1,0,0,0,0,0,0,0,0,0,0
tight,3,0,0,1,0,0,1,0,0,0,0,0,1,0
retir,1,0,0,1,0,0,0,0,0,0,0,0,0,0
age,4,0,0,1,0,0,0,1,0,0,0,0,2,0
sum,1,0,0,1,0,0,0,0,0,0,0,0,0,0
merit,1,0,0,1,0,0,0,0,0,0,0,0,0,0
context,1,0,0,1,0,0,0,0,0,0,0,0,0,0
regard,1,0,0,1,0,0,0,0,0,0,0,0,0,0
effect,3,0,0,1,0,0,0,0,0,0,0,0,2,0
educ,1,0,0,1,0,0,0,0,0,0,0,0,0,0
owe,2,0,0,1,0,0,0,0,1,0,0,0,0,0
discoveri,2,0,0,1,0,0,0,0,0,0,0,1,0,0
neurosci,1,0,0,1,0,0,0,0,0,0,0,0,0,0
profound,1,0,0,1,0,0,0,0,0,0,0,0,0,0
comprehend,1,0,0,1,0,0,0,0,0,0,0,0,0,0
deepli,1,0,0,1,0,0,0,0,0,0,0,0,0,0
faster,1,0,0,1,0,0,0,0,0,0,0,0,0,0
poorest,1,0,0,1,0,0,0,0,0,0,0,0,0,0
neighbourhood,1,0,0,1,0,0,0,0,0,0,0,0,0,0
shown,2,0,0,1,0,0,0,1,0,0,0,0,0,0
abl,1,0,0,1,0,0,0,0,0,0,0,0,0,0
score,2,0,0,1,0,0,0,0,0,0,0,1,0,0
math,1,0,0,1,0,0,0,0,0,0,0,0,0,0
given,2,0,0,1,0,0,0,0,0,0,0,0,1,0
necessari,1,0,0,1,0,0,0,0,0,0,0,0,0,0
remain,2,0,0,1,0,0,0,1,0,0,0,0,0,0
beyond,1,0,0,1,0,0,0,0,0,0,0,0,0,0
grill,2,0,0,1,0,0,0,0,1,0,0,0,0,0
rote,1,0,0,1,0,0,0,0,0,0,0,0,0,0
catastroph,3,0,0,1,0,0,0,0,0,0,0,0,2,0
basi,2,0,0,1,0,0,1,0,0,0,0,0,0,0
argument,1,0,0,1,0,0,0,0,0,0,0,0,0,0
might,1,0,0,1,0,0,0,0,0,0,0,0,0,0
attempt,1,0,0,1,0,0,0,0,0,0,0,0,0,0
idea,4,0,0,1,0,0,0,0,1,0,0,0,2,0
fill,1,0,0,1,0,0,0,0,0,0,0,0,0,0
extravag,1,0,0,1,0,0,0,0,0,0,0,0,0,0
wast,1,0,0,1,0,0,0,0,0,0,0,0,0,0
optimist,1,0,0,1,0,0,0,0,0,0,0,0,0,0
expect,2,0,0,1,0,0,1,0,0,0,0,0,0,0
immigr,1,0,0,1,0,0,0,0,0,0,0,0,0,0
serious,2,1,0,1,0,0,0,0,0,0,0,0,0,0
writer,2,0,0,1,0,0,0,0,0,0,0,0,1,0
refrain,1,0,0,1,0,0,0,0,0,0,0,0,0,0
okay,2,0,0,1,0,0,0,0,1,0,0,0,0,0
recreat,1,0,0,1,0,0,0,0,0,0,0,0,0,0
chair,1,0,0,1,0,0,0,0,0,0,0,0,0,0
plus,2,0,0,1,0,0,0,0,1,0,0,0,0,0
adult,1,0,0,1,0,0,0,0,0,0,0,0,0,0
secondari,1,0,0,1,0,0,0,0,0,0,0,0,0,0
homework,1,0,0,1,0,0,0,0,0,0,0,0,0,0
forc,1,0,0,1,0,0,0,0,0,0,0,0,0,0
lazi,2,1,0,1,0,0,0,0,0,0,0,0,0,0
useless,2,0,0,1,0,0,0,0,0,0,0,0,1,0
hopeless,1,0,0,1,0,0,0,0,0,0,0,0,0,0
negat,1,0,0,1,0,0,0,0,0,0,0,0,0,0
famous,1,0,0,1,0,0,0,0,0,0,0,0,0,0
encourag,1,0,0,1,0,0,0,0,0,0,0,0,0,0
tend,1,0,0,1,0,0,0,0,0,0,0,0,0,0
harm,1,0,0,1,0,0,0,0,0,0,0,0,0,0
lee,1,0,0,1,0,0,0,0,0,0,0,0,0,0
bee,1,0,0,1,0,0,0,0,0,0,0,0,0,0
stupid,2,1,0,1,0,0,0,0,0,0,0,0,0,0
cocksuck,1,0,0,1,0,0,0,0,0,0,0,0,0,0
entertain,1,0,0,1,0,0,0,0,0,0,0,0,0,0
guess,2,0,0,1,0,0,1,0,0,0,0,0,0,0
inde,1,0,0,0,0,0,0,0,0,0,0,0,1,0
precious,2,0,0,0,0,0,0,1,0,0,0,0,1,0
wise,1,0,0,0,0,0,0,0,0,0,0,0,1,0
found,9,0,0,0,0,0,0,2,0,0,0,1,6,0
daddi,2,0,0,0,0,0,0,0,0,0,0,0,2,0
email,1,0,0,0,0,0,0,0,0,0,0,0,1,0
periodontist,1,0,0,0,0,0,0,0,0,0,0,0,1,0
transplant,1,0,0,0,0,0,0,0,0,0,0,0,1,0
gum,1,0,0,0,0,0,0,0,0,0,0,0,1,0
tissu,2,0,0,0,0,0,0,0,0,0,0,0,2,0
cover,1,0,0,0,0,0,0,0,0,0,0,0,1,0
visual,1,0,0,0,0,0,0,0,0,0,0,0,1,0
relief,19,0,0,0,0,0,0,0,0,0,0,1,18,0
judg,1,0,0,0,0,0,0,0,0,0,0,0,1,0
wrinkl,1,0,0,0,0,0,0,0,0,0,0,0,1,0
crib,1,0,0,0,0,0,0,0,0,0,0,0,1,0
ride,3,1,0,0,0,0,0,0,0,0,0,0,2,0
taken,1,0,0,0,0,0,0,0,0,0,0,0,1,0
process,1,0,0,0,0,0,0,0,0,0,0,0,1,0
awesom,1,0,0,0,0,0,0,0,0,0,0,0,1,0
unsecur,1,0,0,0,0,0,0,0,0,0,0,0,1,0
airport,1,0,0,0,0,0,0,0,0,0,0,0,1,0
park,3,0,0,0,0,0,0,0,1,0,0,0,2,0
cream,2,0,0,0,0,0,0,0,0,0,0,0,2,0
luxuri,1,0,0,0,0,0,0,0,0,0,0,0,1,0
infus,1,0,0,0,0,0,0,0,0,0,0,0,1,0
menthol,1,0,0,0,0,0,0,0,0,0,0,0,1,0
peppermint,1,0,0,0,0,0,0,0,0,0,0,0,1,0
reliev,4,0,0,0,0,0,0,0,0,0,0,0,4,0
ach,2,0,0,0,0,0,0,0,0,0,0,0,2,0
damag,1,0,0,0,0,0,0,0,0,0,0,0,1,0
strain,1,0,0,0,0,0,0,0,0,0,0,0,1,0
treadmil,1,0,0,0,0,0,0,0,0,0,0,0,1,0
imbal,1,0,0,0,0,0,0,0,0,0,0,0,1,0
aggrav,1,0,0,0,0,0,0,0,0,0,0,0,1,0
juri,1,0,0,0,0,0,0,0,0,0,0,0,1,0
oncologist,1,0,0,0,0,0,0,0,0,0,0,0,1,0
lung,1,0,0,0,0,0,0,0,0,0,0,0,1,0
rather,4,0,0,0,0,0,0,3,0,0,0,0,1,0
tumour,1,0,0,0,0,0,0,0,0,0,0,0,1,0
situat,1,0,0,0,0,0,0,0,0,0,0,0,1,0
anticip,1,0,0,0,0,0,0,0,0,0,0,0,1,0
stronger,1,0,0,0,0,0,0,0,0,0,0,0,1,0
remedi,1,0,0,0,0,0,0,0,0,0,0,0,1,0
develop,2,0,0,0,0,0,0,0,0,0,0,0,2,0
skill,1,0,0,0,0,0,0,0,0,0,0,0,1,0
hydrat,1,0,0,0,0,0,0,0,0,0,0,0,1,0
restor,1,0,0,0,0,0,0,0,0,0,0,0,1,0
revit,1,0,0,0,0,0,0,0,0,0,0,0,1,0
skin,1,0,0,0,0,0,0,0,0,0,0,0,1,0
dissert,2,0,0,0,0,0,0,0,0,0,0,0,2,0
offici,1,0,0,0,0,0,0,0,0,0,0,0,1,0
print,3,0,0,0,0,0,0,0,0,0,0,0,3,0
bound,1,0,0,0,0,0,0,0,0,0,0,0,1,0
six,2,0,0,0,0,0,0,0,1,0,0,0,1,0
numer,1,0,0,0,0,0,0,0,0,0,0,0,1,0
hiccup,1,0,0,0,0,0,0,0,0,0,0,0,1,0
planetari,2,0,0,0,0,0,0,0,0,0,0,0,2,0
penguin,2,0,0,0,0,0,0,0,0,0,0,0,2,0
rearrang,2,0,0,0,0,0,0,0,0,0,0,0,2,0
studio,2,0,0,0,0,0,0,0,0,0,0,0,2,0
equip,2,0,0,0,0,0,0,0,0,0,0,0,2,0
view,4,0,0,0,0,0,0,0,1,0,0,0,3,0
held,2,0,0,0,0,0,0,0,0,0,0,0,2,0
weav,2,0,0,0,0,0,0,0,0,0,0,0,2,0
yogi,2,0,0,0,0,0,0,0,0,0,0,0,2,0
yoga,2,0,0,0,0,0,0,0,0,0,0,0,2,0
pose,2,0,0,0,0,0,0,0,0,0,0,0,2,0
lower,2,0,0,0,0,0,0,0,0,0,0,0,2,0
surgeri,2,0,0,0,0,0,0,0,0,0,0,0,2,0
insid,3,0,0,0,0,0,0,1,0,0,0,0,2,0
mend,2,0,0,0,0,0,0,0,0,0,0,0,2,0
hold,4,0,0,0,0,0,0,1,0,0,0,1,2,0
mug,2,0,0,0,0,0,0,0,0,0,0,0,2,0
cramp,1,0,0,0,0,0,0,0,0,0,0,0,1,0
snatch,1,0,0,0,0,0,0,0,0,0,0,0,1,0
bra,1,0,0,0,0,0,0,0,0,0,0,0,1,0
migrain,2,0,0,0,0,0,0,0,0,0,0,0,2,0
lotion,1,0,0,0,0,0,0,0,0,0,0,0,1,0
alkalin,1,0,0,0,0,0,0,0,0,0,0,0,1,0
butter,1,0,0,0,0,0,0,0,0,0,0,0,1,0
cocoa,1,0,0,0,0,0,0,0,0,0,0,0,1,0
keen,1,0,0,0,0,0,0,0,0,0,0,0,1,0
rais,1,0,0,0,0,0,0,0,0,0,0,0,1,0
offer,1,0,0,0,0,0,0,0,0,0,0,0,1,0
therapist,1,0,0,0,0,0,0,0,0,0,0,0,1,0
explain,1,0,0,0,0,0,0,0,0,0,0,0,1,0
sinc,4,0,0,0,0,0,1,1,0,0,0,1,1,0
address,1,0,0,0,0,0,0,0,0,0,0,0,1,0
under,1,0,0,0,0,0,0,0,0,0,0,0,1,0
kit,2,0,0,0,0,0,0,0,0,0,0,0,2,0
potenti,1,0,0,0,0,0,0,0,0,0,0,0,1,0
caus,2,0,0,0,0,0,0,0,1,0,0,0,1,0
awak,1,0,0,0,0,0,0,0,0,0,0,0,1,0
comfort,1,0,0,0,0,0,0,0,0,0,0,0,1,0
analges,1,0,0,0,0,0,0,0,0,0,0,0,1,0
honest,1,0,0,0,0,0,0,0,0,0,0,0,1,0
healthili,1,0,0,0,0,0,0,0,0,0,0,0,1,0
allergi,1,0,0,0,0,0,0,0,0,0,0,0,1,0
butt,1,0,0,0,0,0,0,0,0,0,0,0,1,0
paradis,2,0,0,0,0,0,0,1,0,0,0,0,1,0
organ,2,0,0,0,0,0,0,0,1,0,0,0,1,0
concentr,2,0,0,0,0,0,0,0,0,0,0,0,2,0
dab,2,0,0,0,0,0,0,0,0,0,0,0,2,0
rub,1,0,0,0,0,0,0,0,0,0,0,0,1,0
fenc,1,0,0,0,0,0,0,0,0,0,0,0,1,0
quick,4,1,0,0,0,0,1,0,0,0,0,0,2,0
tour,1,0,0,0,0,0,0,0,0,0,0,0,1,0
racecours,1,0,0,0,0,0,0,0,0,0,0,0,1,0
recent,3,0,0,0,0,0,0,0,1,0,0,0,2,0
cyclon,2,0,0,0,0,0,0,0,0,0,0,0,2,0
volunt,2,0,0,0,0,0,0,0,1,0,0,0,1,0
distribut,1,0,0,0,0,0,0,0,0,0,0,0,1,0
suppli,2,0,0,0,0,0,0,0,0,0,0,0,2,0
island,1,0,0,0,0,0,0,0,0,0,0,0,1,0
topic,1,0,0,0,0,0,0,0,0,0,0,0,1,0
bladder,1,0,0,0,0,0,0,0,0,0,0,0,1,0
patient,2,0,0,0,0,0,0,0,0,0,0,0,2,0
emerg,1,0,0,0,0,0,0,0,0,0,0,0,1,0
spare,1,0,0,0,0,0,0,0,0,0,0,0,1,0
nip,1,0,0,0,0,0,0,0,0,0,0,0,1,0
knew,3,0,0,0,0,0,0,2,0,0,0,0,1,0
laugh,2,0,0,0,0,0,0,0,0,0,0,0,2,0
occur,2,0,0,0,0,0,0,1,0,0,0,0,1,0
suffer,1,0,0,0,0,0,0,0,0,0,0,0,1,0
frequent,1,0,0,0,0,0,0,0,0,0,0,0,1,0
gut,2,0,0,0,0,0,0,0,0,0,0,0,2,0
breakthrough,1,0,0,0,0,0,0,0,0,0,0,0,1,0
sore,2,0,0,0,0,0,0,0,0,0,0,0,2,0
lifetim,2,0,0,0,0,0,0,1,0,0,0,0,1,0
recov,1,0,0,0,0,0,0,0,0,0,0,0,1,0
cornerston,1,0,0,0,0,0,0,0,0,0,0,0,1,0
botan,1,0,0,0,0,0,0,0,0,0,0,0,1,0
premium,1,0,0,0,0,0,0,0,0,0,0,0,1,0
progress,1,0,0,0,0,0,0,0,0,0,0,0,1,0
particular,1,0,0,0,0,0,0,0,0,0,0,0,1,0
portrait,1,0,0,0,0,0,0,0,0,0,0,0,1,0
bomb,1,0,0,0,0,0,0,0,0,0,0,0,1,0
nausea,1,0,0,0,0,0,0,0,0,0,0,0,1,0
cancer,1,0,0,0,0,0,0,0,0,0,0,0,1,0
imagin,1,0,0,0,0,0,0,0,0,0,0,0,1,0
muscl,1,0,0,0,0,0,0,0,0,0,0,0,1,0
everyday,1,0,0,0,0,0,0,0,0,0,0,0,1,0
farmer,1,0,0,0,0,0,0,0,0,0,0,0,1,0
protest,1,0,0,0,0,0,0,0,0,0,0,0,1,0
scorch,1,0,0,0,0,0,0,0,0,0,0,0,1,0
heat,2,0,0,0,0,0,0,0,1,0,0,0,1,0
aid,1,0,0,0,0,0,0,0,0,0,0,0,1,0
local,1,0,0,0,0,0,0,0,0,0,0,0,1,0
target,2,0,0,0,0,0,0,0,1,0,0,0,1,0
specif,1,0,0,0,0,0,0,0,0,0,0,0,1,0
area,1,0,0,0,0,0,0,0,0,0,0,0,1,0
inflamm,1,0,0,0,0,0,0,0,0,0,0,0,1,0
individu,1,0,0,0,0,0,0,0,0,0,0,0,1,0
sooth,1,0,0,0,0,0,0,0,0,0,0,0,1,0
outdoor,2,0,0,0,0,0,0,0,0,0,0,0,2,0
folk,1,0,0,0,0,0,0,0,0,0,0,0,1,0
affect,1,0,0,0,0,0,0,0,0,0,0,0,1,0
flood,1,0,0,0,0,0,0,0,0,0,0,0,1,0
bucket,1,0,0,0,0,0,0,0,0,0,0,0,1,0
blanket,1,0,0,0,0,0,0,0,0,0,0,0,1,0
hygien,1,0,0,0,0,0,0,0,0,0,0,0,1,0
ship,1,0,0,0,0,0,0,0,0,0,0,0,1,0
nativ,1,0,0,0,0,0,0,0,0,0,0,0,1,0
prolif,1,0,0,0,0,0,0,0,0,0,0,0,1,0
overcam,1,0,0,0,0,0,0,0,0,0,0,0,1,0
task,1,0,0,0,0,0,0,0,0,0,0,0,1,0
tension,1,0,0,0,0,0,0,0,0,0,0,0,1,0
bench,1,0,0,0,0,0,0,0,0,0,0,0,1,0
close,4,0,0,0,0,0,0,3,0,0,0,0,1,0
printmak,1,0,0,0,0,0,0,0,0,0,0,0,1,0
step,1,0,0,0,0,0,0,0,0,0,0,0,1,0
voic,4,0,0,0,0,0,0,1,2,0,0,0,1,0
uniqu,1,0,0,0,0,0,0,0,0,0,0,0,1,0
decreas,1,0,0,0,0,0,0,0,0,0,0,0,1,0
joint,1,0,0,0,0,0,0,0,0,0,0,0,1,0
tender,1,0,0,0,0,0,0,0,0,0,0,0,1,0
swell,1,0,0,0,0,0,0,0,0,0,0,0,1,0
improv,1,0,0,0,0,0,0,0,0,0,0,0,1,0
qualiti,1,0,0,0,0,0,0,0,0,0,0,0,1,0
correct,1,0,0,0,0,0,0,0,0,0,0,0,1,0
diagnos,1,0,0,0,0,0,0,0,0,0,0,0,1,0
schedul,1,0,0,0,0,0,0,0,0,0,0,0,1,0
consult,1,0,0,0,0,0,0,0,0,0,0,0,1,0
deploy,1,0,0,0,0,0,0,0,0,0,0,0,1,0
archipelago,1,0,0,0,0,0,0,0,0,0,0,0,1,0
river,1,0,0,0,0,0,0,0,0,0,0,0,1,0
devast,1,0,0,0,0,0,0,0,0,0,0,0,1,0
inflict,1,0,0,0,0,0,0,0,0,0,0,0,1,0
benefit,1,0,0,0,0,0,0,0,0,0,0,0,1,0
diamond,1,0,0,0,0,0,0,0,0,0,0,0,1,0
contain,1,0,0,0,0,0,0,0,0,0,0,0,1,0
acid,1,0,0,0,0,0,0,0,0,0,0,0,1,0
ion,1,0,0,0,0,0,0,0,0,0,0,0,1,0
wax,1,0,0,0,0,0,0,0,0,0,0,0,1,0
lover,1,0,0,0,0,0,0,0,0,0,0,0,1,0
submit,1,0,0,0,0,0,0,0,0,0,0,0,1,0
inflammatori,1,0,0,0,0,0,0,0,0,0,0,0,1,0
herb,1,0,0,0,0,0,0,0,0,0,0,0,1,0
prevent,1,0,0,0,0,0,0,0,0,0,0,0,1,0
august,1,0,0,0,0,0,0,0,0,0,0,1,0,0
reckon,1,0,0,0,0,0,0,0,0,0,0,1,0,0
random,1,0,0,0,0,0,0,0,0,0,0,1,0,0
bore,24,0,0,0,0,0,0,0,0,0,0,24,0,0
wife,4,1,0,0,0,0,2,0,0,0,0,1,0,0
fri,1,0,0,0,0,0,0,0,0,0,0,1,0,0
ketchup,1,0,0,0,0,0,0,0,0,0,0,1,0,0
vacat,2,0,0,0,0,0,0,0,1,0,0,1,0,0
channel,1,0,0,0,0,0,0,0,0,0,0,1,0,0
grandpa,1,0,0,0,0,0,0,0,0,0,0,1,0,0
thread,1,0,0,0,0,0,0,0,0,0,0,1,0,0
needl,1,0,0,0,0,0,0,0,0,0,0,1,0,0
nerd,1,0,0,0,0,0,0,0,0,0,0,1,0,0
most,1,0,0,0,0,0,0,0,0,0,0,1,0,0
sport,1,0,0,0,0,0,0,0,0,0,0,1,0,0
scienc,1,0,0,0,0,0,0,0,0,0,0,1,0,0
subtitl,1,0,0,0,0,0,0,0,0,0,0,1,0,0
stair,1,0,0,0,0,0,0,0,0,0,0,1,0,0
mac,1,0,0,0,0,0,0,0,0,0,0,1,0,0
repli,1,0,0,0,0,0,0,0,0,0,0,1,0,0
whenev,1,0,0,0,0,0,0,0,0,0,0,1,0,0
arrang,3,0,0,0,0,0,2,0,0,0,0,1,0,0
tie,1,0,0,0,0,0,0,0,0,0,0,1,0,0
meal,1,0,0,0,0,0,0,0,0,0,0,1,0,0
daili,2,0,0,0,0,0,0,0,0,0,0,2,0,0
newspap,1,0,0,0,0,0,0,0,0,0,0,1,0,0
buffer,1,0,0,0,0,0,0,0,0,0,0,1,0,0
tube,1,0,0,0,0,0,0,0,0,0,0,1,0,0
iron,1,0,0,0,0,0,0,0,0,0,0,1,0,0
cloth,1,0,0,0,0,0,0,0,0,0,0,1,0,0
pizza,3,0,0,0,0,0,0,0,1,0,0,2,0,0
hut,1,0,0,0,0,0,0,0,0,0,0,1,0,0
deliv,1,0,0,0,0,0,0,0,0,0,0,1,0,0
dinner,2,0,0,0,0,0,0,0,1,0,0,1,0,0
coupl,1,0,0,0,0,0,0,0,0,0,0,1,0,0
cellphon,4,0,0,0,0,0,0,0,0,0,0,4,0,0
throne,1,0,0,0,0,0,0,0,0,0,0,1,0,0
match,1,0,0,0,0,0,0,0,0,0,0,1,0,0
basketbal,1,0,0,0,0,0,0,0,0,0,0,1,0,0
dunk,1,0,0,0,0,0,0,0,0,0,0,1,0,0
sugar,1,0,0,0,0,0,0,0,0,0,0,1,0,0
vodka,1,0,0,0,0,0,0,0,0,0,0,1,0,0
ice,1,0,0,0,0,0,0,0,0,0,0,1,0,0
cube,1,0,0,0,0,0,0,0,0,0,0,1,0,0
aveng,1,0,0,0,0,0,0,0,0,0,0,1,0,0
hulk,1,0,0,0,0,0,0,0,0,0,0,1,0,0
rim,1,0,0,0,0,0,0,0,0,0,0,1,0,0
footbal,1,0,0,0,0,0,0,0,0,0,0,1,0,0
sex,1,0,0,0,0,0,0,0,0,0,0,1,0,0
condom,1,0,0,0,0,0,0,0,0,0,0,1,0,0
burger,1,0,0,0,0,0,0,0,0,0,0,1,0,0
girlfriend,1,0,0,0,0,0,0,0,0,0,0,1,0,0
challeng,2,0,0,0,0,0,1,0,0,0,0,1,0,0
spici,1,0,0,0,0,0,0,0,0,0,0,1,0,0
softwar,1,0,0,0,0,0,0,0,0,0,0,1,0,0
comedi,1,0,0,0,0,0,0,0,0,0,0,1,0,0
room,2,0,0,0,0,0,0,1,0,0,0,1,0,0
joke,1,0,0,0,0,0,0,0,0,0,0,1,0,0
alon,3,0,0,0,0,0,0,2,0,0,0,1,0,0
cheeki,1,0,0,0,0,0,0,0,0,0,0,1,0,0
sourc,1,0,0,0,0,0,0,1,0,0,0,0,0,0
whole,4,0,0,0,0,0,0,3,1,0,0,0,0,0
everywher,2,0,0,0,0,0,0,2,0,0,0,0,0,0
remind,4,0,0,0,0,0,0,4,0,0,0,0,0,0
shine,1,0,0,0,0,0,0,1,0,0,0,0,0,0
upon,1,0,0,0,0,0,0,1,0,0,0,0,0,0
earth,1,0,0,0,0,0,0,1,0,0,0,0,0,0
angel,1,0,0,0,0,0,0,1,0,0,0,0,0,0
worth,1,0,0,0,0,0,0,1,0,0,0,0,0,0
fell,1,0,0,0,0,0,0,1,0,0,0,0,0,0
touch,1,0,0,0,0,0,0,1,0,0,0,0,0,0
send,2,0,0,0,0,0,1,1,0,0,0,0,0,0
text,2,0,0,0,0,0,0,1,1,0,0,0,0,0
spent,2,0,0,0,0,0,0,1,1,0,0,0,0,0
embrac,1,0,0,0,0,0,0,1,0,0,0,0,0,0
tear,1,0,0,0,0,0,0,1,0,0,0,0,0,0
shed,1,0,0,0,0,0,0,1,0,0,0,0,0,0
chest,1,0,0,0,0,0,0,1,0,0,0,0,0,0
heartbeat,1,0,0,0,0,0,0,1,0,0,0,0,0,0
habit,1,0,0,0,0,0,0,1,0,0,0,0,0,0
bright,1,0,0,0,0,0,0,1,0,0,0,0,0,0
depend,2,0,0,0,0,0,0,1,1,0,0,0,0,0
sunshin,1,0,0,0,0,0,0,1,0,0,0,0,0,0
magic,1,0,0,0,0,0,0,1,0,0,0,0,0,0
pop,1,0,0,0,0,0,0,1,0,0,0,0,0,0
cuddl,1,0,0,0,0,0,0,1,0,0,0,0,0,0
asleep,2,0,0,0,0,0,0,2,0,0,0,0,0,0
indecis,1,0,0,0,0,0,0,1,0,0,0,0,0,0
pick,2,0,0,0,0,0,0,2,0,0,0,0,0,0
eye,3,1,0,0,0,0,0,2,0,0,0,0,0,0
id,3,0,0,0,0,0,0,3,0,0,0,0,0,0
rainbow,1,0,0,0,0,0,0,1,0,0,0,0,0,0
storm,2,0,0,0,0,0,1,1,0,0,0,0,0,0
stare,1,0,0,0,0,0,0,1,0,0,0,0,0,0
breath,3,1,0,0,0,0,0,2,0,0,0,0,0,0
threw,1,0,0,0,0,0,0,1,0,0,0,0,0,0
neck,1,0,0,0,0,0,0,1,0,0,0,0,0,0
spend,3,0,0,0,0,0,0,2,1,0,0,0,0,0
went,1,0,0,0,0,0,0,1,0,0,0,0,0,0
compass,1,0,0,0,0,0,0,1,0,0,0,0,0,0
dwindl,1,0,0,0,0,0,0,1,0,0,0,0,0,0
dawn,1,0,0,0,0,0,0,1,0,0,0,0,0,0
whatev,1,0,0,0,0,0,0,1,0,0,0,0,0,0
mine,1,0,0,0,0,0,0,1,0,0,0,0,0,0
realiz,5,0,0,0,0,0,2,3,0,0,0,0,0,0
absenc,2,0,0,0,0,0,0,2,0,0,0,0,0,0
wind,2,0,0,0,0,0,0,1,1,0,0,0,0,0
fire,1,0,0,0,0,0,0,1,0,0,0,0,0,0
extinguish,1,0,0,0,0,0,0,1,0,0,0,0,0,0
scariest,1,0,0,0,0,0,0,1,0,0,0,0,0,0
distanc,1,0,0,0,0,0,0,1,0,0,0,0,0,0
nowher,1,0,0,0,0,0,0,1,0,0,0,0,0,0
seven,1,0,0,0,0,0,0,1,0,0,0,0,0,0
mere,1,0,0,0,0,0,0,1,0,0,0,0,0,0
cast,1,0,0,0,0,0,0,1,0,0,0,0,0,0
wall,1,0,0,0,0,0,0,1,0,0,0,0,0,0
bed,1,0,0,0,0,0,0,1,0,0,0,0,0,0
chosen,1,0,0,0,0,0,0,1,0,0,0,0,0,0
chastiti,1,0,0,0,0,0,0,1,0,0,0,0,0,0
mile,2,0,0,0,0,0,0,2,0,0,0,0,0,0
mountain,1,0,0,0,0,0,0,1,0,0,0,0,0,0
somehow,2,0,0,0,0,0,0,1,1,0,0,0,0,0
began,1,0,0,0,0,0,0,1,0,0,0,0,0,0
vain,1,0,0,0,0,0,0,1,0,0,0,0,0,0
repress,1,0,0,0,0,0,0,1,0,0,0,0,0,0
ardent,1,0,0,0,0,0,0,1,0,0,0,0,0,0
admir,1,0,0,0,0,0,0,1,0,0,0,0,0,0
liquid,1,0,0,0,0,0,0,1,0,0,0,0,0,0
burst,1,0,0,0,0,0,0,1,0,0,0,0,0,0
flame,1,0,0,0,0,0,0,1,0,0,0,0,0,0
pretti,1,0,0,0,0,0,0,1,0,0,0,0,0,0
lift,1,0,0,0,0,0,0,1,0,0,0,0,0,0
crayon,1,0,0,0,0,0,0,1,0,0,0,0,0,0
sky,1,0,0,0,0,0,0,1,0,0,0,0,0,0
notif,1,0,0,0,0,0,0,1,0,0,0,0,0,0
stole,1,0,0,0,0,0,0,1,0,0,0,0,0,0
butterfli,1,0,0,0,0,0,0,1,0,0,0,0,0,0
zoo,2,0,0,0,0,0,1,1,0,0,0,0,0,0
forev,3,1,0,0,0,0,0,1,1,0,0,0,0,0
friendship,1,0,0,0,0,0,1,0,0,0,0,0,0,0
launch,1,0,0,0,0,0,1,0,0,0,0,0,0,0
king,1,0,0,0,0,0,1,0,0,0,0,0,0,0
stadium,1,0,0,0,0,0,1,0,0,0,0,0,0,0
shock,5,1,0,0,0,0,4,0,0,0,0,0,0,0
outcom,1,0,0,0,0,0,1,0,0,0,0,0,0,0
propos,2,0,0,0,0,0,2,0,0,0,0,0,0,0
legendari,1,0,0,0,0,0,1,0,0,0,0,0,0,0
footstep,1,0,0,0,0,0,1,0,0,0,0,0,0,0
undertak,1,0,0,0,0,0,1,0,0,0,0,0,0,0
holi,2,0,0,0,0,0,2,0,0,0,0,0,0,0
camera,1,0,0,0,0,0,1,0,0,0,0,0,0,0
deliber,1,0,0,0,0,0,1,0,0,0,0,0,0,0
duke,1,0,0,0,0,0,1,0,0,0,0,0,0,0
cam,1,0,0,0,0,0,1,0,0,0,0,0,0,0
reddish,1,0,0,0,0,0,1,0,0,0,0,0,0,0
gasp,1,0,0,0,0,0,1,0,0,0,0,0,0,0
golf,2,0,0,0,0,0,1,0,1,0,0,0,0,0
passport,1,0,0,0,0,0,1,0,0,0,0,0,0,0
index,1,0,0,0,0,0,1,0,0,0,0,0,0,0
beaten,1,0,0,0,0,0,1,0,0,0,0,0,0,0
suppos,1,0,0,0,0,0,1,0,0,0,0,0,0,0
succeed,1,0,0,0,0,0,1,0,0,0,0,0,0,0
corrupt,1,0,0,0,0,0,1,0,0,0,0,0,0,0
reunit,1,0,0,0,0,0,1,0,0,0,0,0,0,0
alumnus,1,0,0,0,0,0,1,0,0,0,0,0,0,0
batch,1,0,0,0,0,0,1,0,0,0,0,0,0,0
enjoy,2,0,0,0,0,0,1,0,1,0,0,0,0,0
deserv,2,0,0,0,0,0,1,0,1,0,0,0,0,0
engag,1,0,0,0,0,0,1,0,0,0,0,0,0,0
rememb,2,0,0,0,0,0,1,0,1,0,0,0,0,0
newsflash,1,0,0,0,0,0,1,0,0,0,0,0,0,0
colleagu,1,0,0,0,0,0,1,0,0,0,0,0,0,0
regular,1,0,0,0,0,0,1,0,0,0,0,0,0,0
appal,1,0,0,0,0,0,1,0,0,0,0,0,0,0
patti,1,0,0,0,0,0,1,0,0,0,0,0,0,0
kitti,1,0,0,0,0,0,1,0,0,0,0,0,0,0
bunch,1,0,0,0,0,0,1,0,0,0,0,0,0,0
platform,1,0,0,0,0,0,1,0,0,0,0,0,0,0
concert,2,0,0,0,0,0,1,0,1,0,0,0,0,0
cheap,1,0,0,0,0,0,1,0,0,0,0,0,0,0
pen,1,0,0,0,0,0,1,0,0,0,0,0,0,0
rash,1,0,0,0,0,0,1,0,0,0,0,0,0,0
except,1,0,0,0,0,0,1,0,0,0,0,0,0,0
childhood,1,0,0,0,0,0,1,0,0,0,0,0,0,0
centenni,1,0,0,0,0,0,1,0,0,0,0,0,0,0
theolog,1,0,0,0,0,0,1,0,0,0,0,0,0,0
jurisprudenti,1,0,0,0,0,0,1,0,0,0,0,0,0,0
speechless,1,0,0,0,0,0,1,0,0,0,0,0,0,0
sock,1,0,0,0,0,0,1,0,0,0,0,0,0,0
tofu,1,0,0,0,0,0,1,0,0,0,0,0,0,0
mummi,1,0,0,0,0,0,1,0,0,0,0,0,0,0
avail,1,0,0,0,0,0,1,0,0,0,0,0,0,0
pleasant,1,0,0,0,0,0,1,0,0,0,0,0,0,0
card,2,0,0,0,0,0,1,0,1,0,0,0,0,0
cc,1,0,0,0,0,0,1,0,0,0,0,0,0,0
behaviour,1,0,0,0,0,0,1,0,0,0,0,0,0,0
jump,6,6,0,0,0,0,0,0,0,0,0,0,0,0
kneel,1,1,0,0,0,0,0,0,0,0,0,0,0,0
ocean,1,1,0,0,0,0,0,0,0,0,0,0,0,0
bean,1,1,0,0,0,0,0,0,0,0,0,0,0,0
fish,1,1,0,0,0,0,0,0,0,0,0,0,0,0
comput,1,1,0,0,0,0,0,0,0,0,0,0,0,0
proceed,1,1,0,0,0,0,0,0,0,0,0,0,0,0
feet,2,2,0,0,0,0,0,0,0,0,0,0,0,0
fast,2,2,0,0,0,0,0,0,0,0,0,0,0,0
runner,1,1,0,0,0,0,0,0,0,0,0,0,0,0
slow,2,1,0,0,0,0,0,0,1,0,0,0,0,0
hoop,1,1,0,0,0,0,0,0,0,0,0,0,0,0
guard,1,1,0,0,0,0,0,0,0,0,0,0,0,0
rang,1,1,0,0,0,0,0,0,0,0,0,0,0,0
superhuman,1,1,0,0,0,0,0,0,0,0,0,0,0,0
alien,1,1,0,0,0,0,0,0,0,0,0,0,0,0
porter,1,1,0,0,0,0,0,0,0,0,0,0,0,0
black,2,2,0,0,0,0,0,0,0,0,0,0,0,0
rusti,1,1,0,0,0,0,0,0,0,0,0,0,0,0
shot,1,1,0,0,0,0,0,0,0,0,0,0,0,0
bitch,1,1,0,0,0,0,0,0,0,0,0,0,0,0
stank,1,1,0,0,0,0,0,0,0,0,0,0,0,0
exclus,1,1,0,0,0,0,0,0,0,0,0,0,0,0
uptown,1,1,0,0,0,0,0,0,0,0,0,0,0,0
hors,1,1,0,0,0,0,0,0,0,0,0,0,0,0
bottom,1,1,0,0,0,0,0,0,0,0,0,0,0,0
jean,1,1,0,0,0,0,0,0,0,0,0,0,0,0
boot,1,1,0,0,0,0,0,0,0,0,0,0,0,0
fur,1,1,0,0,0,0,0,0,0,0,0,0,0,0
convict,1,1,0,0,0,0,0,0,0,0,0,0,0,0
anywher,1,1,0,0,0,0,0,0,0,0,0,0,0,0
gram,1,1,0,0,0,0,0,0,0,0,0,0,0,0
three,1,1,0,0,0,0,0,0,0,0,0,0,0,0
hit,1,1,0,0,0,0,0,0,0,0,0,0,0,0
nobodi,1,1,0,0,0,0,0,0,0,0,0,0,0,0
goosebump,1,1,0,0,0,0,0,0,0,0,0,0,0,0
helicopt,1,1,0,0,0,0,0,0,0,0,0,0,0,0
everybodi,1,1,0,0,0,0,0,0,0,0,0,0,0,0
enter,1,0,0,0,0,0,0,0,1,0,0,0,0,0
lit,2,0,0,0,0,0,0,0,2,0,0,0,0,0
offic,2,0,0,0,0,0,0,0,2,0,0,0,0,0
bro,1,0,0,0,0,0,0,0,1,0,0,0,0,0
unless,1,0,0,0,0,0,0,0,1,0,0,0,0,0
draft,1,0,0,0,0,0,0,0,1,0,0,0,0,0
unicorn,1,0,0,0,0,0,0,0,1,0,0,0,0,0
majest,1,0,0,0,0,0,0,0,1,0,0,0,0,0
myth,1,0,0,0,0,0,0,0,1,0,0,0,0,0
fabl,1,0,0,0,0,0,0,0,1,0,0,0,0,0
creatur,1,0,0,0,0,0,0,0,1,0,0,0,0,0
grungi,1,0,0,0,0,0,0,0,1,0,0,0,0,0
oper,1,0,0,0,0,0,0,0,1,0,0,0,0,0
relentless,1,0,0,0,0,0,0,0,1,0,0,0,0,0
kindest,1,0,0,0,0,0,0,0,1,0,0,0,0,0
smartest,1,0,0,0,0,0,0,0,1,0,0,0,0,0
congrat,1,0,0,0,0,0,0,0,1,0,0,0,0,0
layout,1,0,0,0,0,0,0,0,1,0,0,0,0,0
mock,1,0,0,0,0,0,0,0,1,0,0,0,0,0
cigarett,1,0,0,0,0,0,0,0,1,0,0,0,0,0
eventu,1,0,0,0,0,0,0,0,1,0,0,0,0,0
catch,1,0,0,0,0,0,0,0,1,0,0,0,0,0
ancient,1,0,0,0,0,0,0,0,1,0,0,0,0,0
grain,1,0,0,0,0,0,0,0,1,0,0,0,0,0
crust,1,0,0,0,0,0,0,0,1,0,0,0,0,0
beer,1,0,0,0,0,0,0,0,1,0,0,0,0,0
sparkl,1,0,0,0,0,0,0,0,1,0,0,0,0,0
liter,1,0,0,0,0,0,0,0,1,0,0,0,0,0
vocal,1,0,0,0,0,0,0,0,1,0,0,0,0,0
tame,1,0,0,0,0,0,0,0,1,0,0,0,0,0
broken,1,0,0,0,0,0,0,0,1,0,0,0,0,0
clinic,1,0,0,0,0,0,0,0,1,0,0,0,0,0
travel,1,0,0,0,0,0,0,0,1,0,0,0,0,0
exhaust,1,0,0,0,0,0,0,0,1,0,0,0,0,0
aha,1,0,0,0,0,0,0,0,1,0,0,0,0,0
despit,1,0,0,0,0,0,0,0,1,0,0,0,0,0
prom,1,0,0,0,0,0,0,0,1,0,0,0,0,0
excus,1,0,0,0,0,0,0,0,1,0,0,0,0,0
slate,1,0,0,0,0,0,0,0,1,0,0,0,0,0
imposs,1,0,0,0,0,0,0,0,1,0,0,0,0,0
helmet,1,0,0,0,0,0,0,0,1,0,0,0,0,0
jerri,1,0,0,0,0,0,0,0,1,0,0,0,0,0
trust,1,0,0,0,0,0,0,0,1,0,0,0,0,0
front,1,0,0,0,0,0,0,0,1,0,0,0,0,0
cultur,1,0,0,0,0,0,0,0,1,0,0,0,0,0
cocain,1,0,0,0,0,0,0,0,1,0,0,0,0,0
soda,1,0,0,0,0,0,0,0,1,0,0,0,0,0
tin,1,0,0,0,0,0,0,0,1,0,0,0,0,0
cup,1,0,0,0,0,0,0,0,1,0,0,0,0,0
recod,1,0,0,0,0,0,0,0,1,0,0,0,0,0
manual,1,0,0,0,0,0,0,0,1,0,0,0,0,0
sent,1,0,0,0,0,0,0,0,1,0,0,0,0,0
terribl,1,0,0,0,0,0,0,0,1,0,0,0,0,0
nail,1,0,0,0,0,0,0,0,1,0,0,0,0,0
coffin,1,0,0,0,0,0,0,0,1,0,0,0,0,0
decent,1,0,0,0,0,0,0,0,1,0,0,0,0,0
bitten,1,0,0,0,0,0,0,0,1,0,0,0,0,0
straight,1,0,0,0,0,0,0,0,1,0,0,0,0,0
program,1,0,0,0,0,0,0,0,1,0,0,0,0,0
predict,1,0,0,0,0,0,0,0,1,0,0,0,0,0
term,1,0,0,0,0,0,0,0,1,0,0,0,0,0
bulli,1,0,0,0,0,0,0,0,1,0,0,0,0,0
socialist,1,0,0,0,0,0,0,0,1,0,0,0,0,0
infight,1,0,0,0,0,0,0,0,1,0,0,0,0,0
brother,1,0,0,0,0,0,0,0,1,0,0,0,0,0
mini,1,0,0,0,0,0,0,0,1,0,0,0,0,0
host,1,0,0,0,0,0,0,0,1,0,0,0,0,0
recept,1,0,0,0,0,0,0,0,1,0,0,0,0,0
pack,1,0,0,0,0,0,0,0,1,0,0,0,0,0
picnic,1,0,0,0,0,0,0,0,1,0,0,0,0,0
lunch,1,0,0,0,0,0,0,0,1,0,0,0,0,0
road,1,0,0,0,0,0,0,0,1,0,0,0,0,0
digit,1,0,0,0,0,0,0,0,1,0,0,0,0,0
scaveng,1,0,0,0,0,0,0,0,1,0,0,0,0,0
bonfir,1,0,0,0,0,0,0,0,1,0,0,0,0,0
backyard,1,0,0,0,0,0,0,0,1,0,0,0,0,0
soup,1,0,0,0,0,0,0,0,1,0,0,0,0,0
homeless,1,0,0,0,0,0,0,0,1,0,0,0,0,0
invit,1,0,0,0,0,0,0,0,1,0,0,0,0,0
extrem,1,0,0,0,0,0,0,0,1,0,0,0,0,0
younger,1,0,0,0,0,0,0,0,1,0,0,0,0,0
rush,1,0,0,0,0,0,0,0,1,0,0,0,0,0
shout,1,0,0,0,0,0,0,0,1,0,0,0,0,0
till,1,0,0,0,0,0,0,0,1,0,0,0,0,0
crack,1,0,0,0,0,0,0,0,1,0,0,0,0,0
surreal,1,0,0,0,0,0,0,0,1,0,0,0,0,0
awhil,1,0,0,0,0,0,0,0,1,0,0,0,0,0
mama,1,0,0,0,0,0,0,0,1,0,0,0,0,0
ticket,1,0,0,0,0,0,0,0,1,0,0,0,0,0
ukulel,1,0,0,0,0,0,0,0,1,0,0,0,0,0
bing,1,0,0,0,0,0,0,0,1,0,0,0,0,0
none,1,0,0,0,0,0,0,0,1,0,0,0,0,0
charm,1,0,0,0,0,0,0,0,1,0,0,0,0,0
fellow,1,0,0,0,0,0,0,0,1,0,0,0,0,0
fight,1,0,0,0,0,0,0,0,1,0,0,0,0,0
build,1,0,0,0,0,0,0,0,1,0,0,0,0,0
pc,1,0,0,0,0,0,0,0,1,0,0,0,0,0
alcohol,1,0,0,0,0,0,0,0,1,0,0,0,0,0
